institution_name,account_id,product_family,holding_name,holding_key,quantity,gross_amount,currency,valued_at,data_quality_flags
Nubank,f3ce7b7a-d660-52cf-b819-c10cb66c1338,variable_incomes,BPAC11,BPAC11,10328.0000000000,490581.4400000000,BRL,2026-08-21 10:18:47,[merged_lots]
Nubank,f3ce7b7a-d660-52cf-b819-c10cb66c1338,variable_incomes,WEGE3,WEGE3,11746.0000000000,466592.3700000000,BRL,2026-08-21 10:18:47,[merged_lots]
Nubank,f3ce7b7a-d660-52cf-b819-c10cb66c1338,funds,TESOURO SELIC SIMPLES FIRF,32915987000180,7382.9280000000,464123.9400000000,BRL,2026-08-21 10:18:47,[merged_lots]
Nubank,f3ce7b7a-d660-52cf-b819-c10cb66c1338,treasure_titles,Tesouro Educa+ 2031,Tesouro Educa+ 2031,200.7700000000,453152.7900000000,BRL,2026-08-21 10:18:47,[merged_lots]
Nubank,f3ce7b7a-d660-52cf-b819-c10cb66c1338,variable_incomes,VALE3,VALE3,25684.0000000000,450658.7900000000,BRL,2026-08-21 10:18:47,[merged_lots]
Nubank,f3ce7b7a-d660-52cf-b819-c10cb66c1338,treasure_titles,Tesouro Renda+ 2044,Tesouro Renda+ 2044,189.2000000000,379312.7600000000,BRL,2026-08-21 10:18:47,[merged_lots]
Nubank,f3ce7b7a-d660-52cf-b819-c10cb66c1338,treasure_titles,Tesouro Prefixado 2029,Tesouro Prefixado 2029,484.0300000000,361524.2000000000,BRL,2026-08-21 10:18:47,[merged_lots]
Nubank,f3ce7b7a-d660-52cf-b819-c10cb66c1338,variable_incomes,BBDC4,BBDC4,10329.0000000000,338107.3400000000,BRL,2026-08-21 10:18:47,[merged_lots]
Nubank,f3ce7b7a-d660-52cf-b819-c10cb66c1338,variable_incomes,PETR4,PETR4,31949.0000000000,319618.4900000000,BRL,2026-08-21 10:18:47,[merged_lots]
Nubank,f3ce7b7a-d660-52cf-b819-c10cb66c1338,variable_incomes,HASH11,HASH11,4618.0000000000,294502.7300000000,BRL,2026-08-21 10:18:47,[merged_lots]
Nubank,f3ce7b7a-d660-52cf-b819-c10cb66c1338,funds,SELECAO DIVIDENDOS FIC FIA,07059417000107,5547.8415841600,281669.9100000000,BRL,2026-08-21 10:18:47,[merged_lots]
Nubank,f3ce7b7a-d660-52cf-b819-c10cb66c1338,bank_fixed_incomes,CDB,BRBANKCDB0A0|30680829000143|2024-03-07|2027-03-01,249.3690000000,247890.2400000000,BRL,2026-08-21 10:18:47,[]
Itau,3343bc26-23e3-5745-9c2a-932d111e9079,bank_fixed_incomes,CDB,BRBANKCDB0A0|30680829000143|2020-07-11|2023-07-01,245.7130000000,247543.5600000000,BRL,2026-08-21 10:22:43,[]
Itau,3343bc26-23e3-5745-9c2a-932d111e9079,bank_fixed_incomes,LCI,BRBANKLCI2A2|30306294000145|2025-02-27|2028-02-01,243.1490000000,245128.2300000000,BRL,2026-08-21 10:22:43,[]
Itau,3343bc26-23e3-5745-9c2a-932d111e9079,variable_incomes,HASH11,HASH11,3876.0000000000,242899.2300000000,BRL,2026-08-21 10:22:43,[]
Nubank,f3ce7b7a-d660-52cf-b819-c10cb66c1338,bank_fixed_incomes,RDB,BRBANKRDB5A5|60518222000122|2022-09-13|2025-09-01,240.7380000000,242666.3100000000,BRL,2026-08-21 10:18:47,[]
C6 Bank,20f0fb4e-fcfa-51c7-8939-0f4ce5ed657f,bank_fixed_incomes,LCA,BRBANKLCA3A3|60746948000112|2022-07-22|2025-07-01,239.1460000000,236976.9500000000,BRL,2026-08-21 09:08:04,[]
Itau,3343bc26-23e3-5745-9c2a-932d111e9079,bank_fixed_incomes,RDB,BRBANKRDB5A5|92894922000108|2024-02-29|2027-02-01,234.9620000000,235695.0800000000,BRL,2026-08-21 10:22:43,[]
C6 Bank,20f0fb4e-fcfa-51c7-8939-0f4ce5ed657f,credit_fixed_incomes,OMEGA ENERGIA S.A.,BRDEBSEC01A1|09149503000106|2031-06-15,235.6370000000,234848.0900000000,BRL,2026-08-21 09:08:04,[]
Nubank,f3ce7b7a-d660-52cf-b819-c10cb66c1338,treasure_titles,Tesouro Prefixado 2027,Tesouro Prefixado 2027,464.0800000000,229979.2800000000,BRL,2026-08-21 10:18:47,[merged_lots]
Nubank,f3ce7b7a-d660-52cf-b819-c10cb66c1338,bank_fixed_incomes,LCI,BRBANKLCI2A2|30306294000145|2020-06-03|2023-06-01,228.0940000000,229323.4300000000,BRL,2026-08-21 10:18:47,[]
Nubank,f3ce7b7a-d660-52cf-b819-c10cb66c1338,bank_fixed_incomes,RDB,BRBANKRDB5A5|60518222000122|2021-10-18|2024-10-01,225.4250000000,224471.4500000000,BRL,2026-08-21 10:18:47,[]
Nubank,f3ce7b7a-d660-52cf-b819-c10cb66c1338,bank_fixed_incomes,CDB,BRBANKCDB0A0|30680829000143|2024-08-10|2027-08-01,221.2100000000,222588.1400000000,BRL,2026-08-21 10:18:47,[]
Nubank,f3ce7b7a-d660-52cf-b819-c10cb66c1338,bank_fixed_incomes,RDB,BRBANKRDB5A5|60518222000122|2019-11-10|2022-11-01,222.6870000000,222548.9300000000,BRL,2026-08-21 10:18:47,[]
Nubank,f3ce7b7a-d660-52cf-b819-c10cb66c1338,bank_fixed_incomes,CDB,BRBANKCDB4A4|00360305000104|2021-03-04|2024-03-01,222.8870000000,222541.5300000000,BRL,2026-08-21 10:18:47,[]
Itau,3343bc26-23e3-5745-9c2a-932d111e9079,variable_incomes,BBDC4,BBDC4,6783.0000000000,221964.1800000000,BRL,2026-08-21 10:22:43,[]
Nubank,f3ce7b7a-d660-52cf-b819-c10cb66c1338,treasure_titles,Tesouro IPCA+ 2029,Tesouro IPCA+ 2029,220.2300000000,221694.4900000000,BRL,2026-08-21 10:18:47,[merged_lots]
Nubank,f3ce7b7a-d660-52cf-b819-c10cb66c1338,bank_fixed_incomes,LCI,BRBANKLCI2A2|30306294000145|2022-06-10|2025-06-01,220.9880000000,221173.6300000000,BRL,2026-08-21 10:18:47,[]
C6 Bank,20f0fb4e-fcfa-51c7-8939-0f4ce5ed657f,bank_fixed_incomes,LCA,BRBANKLCA3A3|60746948000112|2023-09-25|2026-09-01,216.8960000000,219012.9000000000,BRL,2026-08-21 09:08:04,"['missing:purchase_date']"
C6 Bank,20f0fb4e-fcfa-51c7-8939-0f4ce5ed657f,bank_fixed_incomes,LCI,BRBANKLCI2A2|30306294000145|2020-03-31|2023-03-01,216.7680000000,218330.9000000000,BRL,2026-08-21 09:08:04,[]
Nubank,f3ce7b7a-d660-52cf-b819-c10cb66c1338,bank_fixed_incomes,CDB,BRBANKCDB4A4|00360305000104|2022-08-02|2025-08-01,213.5720000000,212845.8600000000,BRL,2026-08-21 10:18:47,"['missing:indexer']"
Nubank,f3ce7b7a-d660-52cf-b819-c10cb66c1338,bank_fixed_incomes,CDB,BRBANKCDB4A4|00360305000104|2022-11-14|2025-11-01,208.8300000000,210452.6100000000,BRL,2026-08-21 10:18:47,[]
Itau,3343bc26-23e3-5745-9c2a-932d111e9079,bank_fixed_incomes,CDB,BRBANKCDB4A4|00360305000104|2025-05-17|2028-05-01,208.6780000000,210418.3700000000,BRL,2026-08-21 10:22:43,[]
Nubank,f3ce7b7a-d660-52cf-b819-c10cb66c1338,variable_incomes,B3SA3,B3SA3,3824.0000000000,209957.9900000000,BRL,2026-08-21 10:18:47,[merged_lots]
Nubank,f3ce7b7a-d660-52cf-b819-c10cb66c1338,bank_fixed_incomes,RDB,BRBANKRDB1A1|18236120000158|2022-11-05|2025-11-01,203.1430000000,204367.9500000000,BRL,2026-08-21 10:18:47,[]
Nubank,f3ce7b7a-d660-52cf-b819-c10cb66c1338,treasure_titles,Tesouro Selic 2031,Tesouro Selic 2031,115.5200000000,202432.9200000000,BRL,2026-08-21 10:18:47,[]
Itau,3343bc26-23e3-5745-9c2a-932d111e9079,bank_fixed_incomes,LCA,BRBANKLCA3A3|60746948000112|2024-08-07|2027-08-01,9900.0000000000,201010.7400000000,BRL,2026-08-21 10:22:43,[]
Nubank,f3ce7b7a-d660-52cf-b819-c10cb66c1338,bank_fixed_incomes,LCI,BRBANKLCI2A2|30306294000145|2025-12-22|2028-12-01,202.0280000000,201007.7600000000,BRL,2026-08-21 10:18:47,[]
Nubank,f3ce7b7a-d660-52cf-b819-c10cb66c1338,bank_fixed_incomes,CDB,BRBANKCDB0A0|30680829000143|2022-05-17|2025-05-01,202.0450000000,200248.8200000000,BRL,2026-08-21 10:18:47,[]
C6 Bank,20f0fb4e-fcfa-51c7-8939-0f4ce5ed657f,bank_fixed_incomes,RDB,BRBANKRDB5A5|60518222000122|2022-07-12|2025-07-01,198.5820000000,198572.0700000000,BRL,2026-08-21 09:08:04,[]
Nubank,f3ce7b7a-d660-52cf-b819-c10cb66c1338,variable_incomes,NULL,2d0a16fe-869c-518b-97ca-7659f3176c21,3120.0000000000,198010.8000000000,BRL,2026-08-21 10:18:47,"['missing:ticker', 'missing:isin_code', missing_key]"
Nubank,f3ce7b7a-d660-52cf-b819-c10cb66c1338,bank_fixed_incomes,LCI,BRBANKLCI2A2|30306294000145|2022-06-28|2025-06-01,196.8480000000,196298.7900000000,BRL,2026-08-21 10:18:47,[]
Nubank,f3ce7b7a-d660-52cf-b819-c10cb66c1338,bank_fixed_incomes,CDB,BRBANKCDB4A4|00360305000104|2025-06-25|2028-06-01,194.6250000000,196269.5800000000,BRL,2026-08-21 10:18:47,[]
Nubank,f3ce7b7a-d660-52cf-b819-c10cb66c1338,treasure_titles,Tesouro IPCA+ 2035,Tesouro IPCA+ 2035,154.0000000000,191351.4100000000,BRL,2026-08-21 10:18:47,[merged_lots]
Itau,3343bc26-23e3-5745-9c2a-932d111e9079,bank_fixed_incomes,RDB,BRBANKRDB5A5|60518222000122|2019-11-10|2022-11-01,190.9170000000,190941.8200000000,BRL,2026-08-21 10:22:43,[]
Nubank,f3ce7b7a-d660-52cf-b819-c10cb66c1338,bank_fixed_incomes,LCI,BRBANKLCI2A2|30306294000145|2020-08-03|2023-08-01,188.2520000000,189765.5500000000,BRL,2026-08-21 10:18:47,[]
C6 Bank,20f0fb4e-fcfa-51c7-8939-0f4ce5ed657f,bank_fixed_incomes,LCA,BRBANKLCA3A3|60746948000112|2023-09-14|2026-09-01,190.0670000000,189493.0000000000,BRL,2026-08-21 09:08:04,[]
Nubank,f3ce7b7a-d660-52cf-b819-c10cb66c1338,bank_fixed_incomes,LCA,BRBANKLCA3A3|60746948000112|2020-02-12|2023-02-01,189.0390000000,189177.0000000000,BRL,2026-08-21 10:18:47,[]
Nubank,f3ce7b7a-d660-52cf-b819-c10cb66c1338,bank_fixed_incomes,RDB,BRBANKRDB5A5|60518222000122|2026-05-10|2029-05-01,187.6840000000,189069.1100000000,BRL,2026-08-21 10:18:47,[]
Nubank,f3ce7b7a-d660-52cf-b819-c10cb66c1338,bank_fixed_incomes,LCA,BRBANKLCA3A3|60746948000112|2021-04-29|2024-04-01,186.0390000000,187596.1500000000,BRL,2026-08-21 10:18:47,[]
Nubank,f3ce7b7a-d660-52cf-b819-c10cb66c1338,bank_fixed_incomes,CDB,BRBANKCDB0A0|30680829000143|2025-12-19|2028-12-01,182.1590000000,182217.2900000000,BRL,2026-08-21 10:18:47,[]
C6 Bank,20f0fb4e-fcfa-51c7-8939-0f4ce5ed657f,funds,IPCA LONGA DURACAO FIC FIRF,29562673000117,12489.8620689700,180990.7200000000,BRL,2026-08-21 09:08:04,[]
Nubank,f3ce7b7a-d660-52cf-b819-c10cb66c1338,bank_fixed_incomes,LCA,BRBANKLCA3A3|60746948000112|2025-07-30|2028-07-01,179.4000000000,178468.9100000000,BRL,2026-08-21 10:18:47,[]
Nubank,f3ce7b7a-d660-52cf-b819-c10cb66c1338,bank_fixed_incomes,RDB,BRBANKRDB1A1|18236120000158|2025-05-15|2028-05-01,178.6070000000,177728.2500000000,BRL,2026-08-21 10:18:47,[]
C6 Bank,20f0fb4e-fcfa-51c7-8939-0f4ce5ed657f,bank_fixed_incomes,CDB,BRBANKCDB0A0|30680829000143|2022-02-03|2025-02-01,175.7100000000,176481.3700000000,BRL,2026-08-21 09:08:04,[]
Nubank,f3ce7b7a-d660-52cf-b819-c10cb66c1338,treasure_titles,Tesouro IPCA+ com Juros Semestrais 2032,Tesouro IPCA+ com Juros Semestrais 2032,116.0400000000,176127.9500000000,BRL,2026-08-21 10:18:47,[merged_lots]
Nubank,f3ce7b7a-d660-52cf-b819-c10cb66c1338,bank_fixed_incomes,LCI,BRBANKLCI2A2|30306294000145|2024-11-11|2027-11-01,175.4170000000,175960.7900000000,BRL,2026-08-21 10:18:47,[]
Nubank,f3ce7b7a-d660-52cf-b819-c10cb66c1338,bank_fixed_incomes,RDB,BRBANKRDB1A1|18236120000158|2023-09-30|2026-09-01,174.9890000000,175524.4700000000,BRL,2026-08-21 10:18:47,[]
Nubank,f3ce7b7a-d660-52cf-b819-c10cb66c1338,bank_fixed_incomes,RDB,BRBANKRDB5A5|60518222000122|2025-05-05|2028-05-01,173.8580000000,175207.1400000000,BRL,2026-08-21 10:18:47,[]
Nubank,f3ce7b7a-d660-52cf-b819-c10cb66c1338,bank_fixed_incomes,CDB,BRBANKCDB4A4|00360305000104|2023-08-25|2026-08-01,171.1140000000,171653.0100000000,BRL,2026-08-21 10:18:47,[]
Nubank,f3ce7b7a-d660-52cf-b819-c10cb66c1338,bank_fixed_incomes,CDB,BRBANKCDB0A0|30680829000143|2022-08-05|2025-08-01,169.6770000000,170230.1500000000,BRL,2026-08-21 10:18:47,[]
C6 Bank,20f0fb4e-fcfa-51c7-8939-0f4ce5ed657f,bank_fixed_incomes,RDB,BRBANKRDB1A1|18236120000158|2021-01-25|2024-01-01,168.0410000000,166738.6800000000,BRL,2026-08-21 09:08:04,[]
Nubank,f3ce7b7a-d660-52cf-b819-c10cb66c1338,funds,KAPITALO KAPPA FIC FIM,18318213000154,6351.6603773600,166218.9000000000,BRL,2026-08-21 10:18:47,[merged_lots]
Nubank,f3ce7b7a-d660-52cf-b819-c10cb66c1338,bank_fixed_incomes,RDB,BRBANKRDB1A1|18236120000158|2023-12-02|2026-12-01,164.9570000000,165542.6000000000,BRL,2026-08-21 10:18:47,[]
Nubank,f3ce7b7a-d660-52cf-b819-c10cb66c1338,bank_fixed_incomes,CDB,BRBANKCDB4A4|00360305000104|2020-05-11|2023-05-01,9900.0000000000,164137.0700000000,BRL,2026-08-21 10:18:47,[]
C6 Bank,20f0fb4e-fcfa-51c7-8939-0f4ce5ed657f,bank_fixed_incomes,RDB,BRBANKRDB5A5|60518222000122|2020-11-15|2023-11-01,163.2570000000,163350.0600000000,BRL,2026-08-21 09:08:04,[]
Nubank,f3ce7b7a-d660-52cf-b819-c10cb66c1338,bank_fixed_incomes,CDB,BRBANKCDB0A0|30680829000143|2020-11-10|2023-11-01,162.6500000000,162423.9200000000,BRL,2026-08-21 10:18:47,[]
Nubank,f3ce7b7a-d660-52cf-b819-c10cb66c1338,credit_fixed_incomes,OMEGA ENERGIA S.A.,BRCRASEC00A0|09149503000106|2026-06-15,159.3940000000,159751.6800000000,BRL,2026-08-21 10:18:47,[]
Nubank,f3ce7b7a-d660-52cf-b819-c10cb66c1338,bank_fixed_incomes,CDB,BRBANKCDB0A0|30680829000143|2022-11-27|2025-11-01,157.6970000000,157635.5000000000,BRL,2026-08-21 10:18:47,[]
Nubank,f3ce7b7a-d660-52cf-b819-c10cb66c1338,bank_fixed_incomes,RDB,BRBANKRDB1A1|18236120000158|2020-08-20|2023-08-01,158.6900000000,157304.6400000000,BRL,2026-08-21 10:18:47,[]
Nubank,f3ce7b7a-d660-52cf-b819-c10cb66c1338,bank_fixed_incomes,LCA,BRBANKLCA3A3|60746948000112|2022-03-09|2025-03-01,155.3340000000,156839.1900000000,BRL,2026-08-21 10:18:47,[]
Nubank,f3ce7b7a-d660-52cf-b819-c10cb66c1338,bank_fixed_incomes,RDB,BRBANKRDB5A5|60518222000122|2026-04-25|2029-04-01,150.3960000000,151083.3100000000,BRL,2026-08-21 10:18:47,[]
Nubank,f3ce7b7a-d660-52cf-b819-c10cb66c1338,bank_fixed_incomes,LCI,BRBANKLCI2A2|30306294000145|2023-09-29|2026-09-01,148.1000000000,148819.7700000000,BRL,2026-08-21 10:18:47,[]
Itau,3343bc26-23e3-5745-9c2a-932d111e9079,bank_fixed_incomes,LCI,BRBANKLCI2A2|30306294000145|2025-06-26|2028-06-01,147.1520000000,148195.3100000000,BRL,2026-08-21 10:22:43,"['missing:purchase_date']"
Nubank,f3ce7b7a-d660-52cf-b819-c10cb66c1338,bank_fixed_incomes,LCI,BRBANKLCI2A2|30306294000145|2025-01-19|2028-01-01,142.1780000000,142857.6100000000,BRL,2026-08-21 10:18:47,[]
Nubank,f3ce7b7a-d660-52cf-b819-c10cb66c1338,bank_fixed_incomes,CDB,BRBANKCDB4A4|00360305000104|2024-04-24|2027-04-01,138.8980000000,140084.1900000000,BRL,2026-08-21 10:18:47,"['missing:purchase_date']"
Nubank,f3ce7b7a-d660-52cf-b819-c10cb66c1338,bank_fixed_incomes,CDB,BRBANKCDB0A0|30680829000143|2022-02-13|2025-02-01,134.7680000000,133906.8300000000,BRL,2026-08-21 10:18:47,[]
Nubank,f3ce7b7a-d660-52cf-b819-c10cb66c1338,bank_fixed_incomes,RDB,BRBANKRDB5A5|60518222000122|2024-12-18|2027-12-01,133.2740000000,132914.1600000000,BRL,2026-08-21 10:18:47,[]
Nubank,f3ce7b7a-d660-52cf-b819-c10cb66c1338,bank_fixed_incomes,RDB,BRBANKRDB1A1|18236120000158|2023-04-15|2026-04-01,128.9850000000,129067.5500000000,BRL,2026-08-21 10:18:47,[]
C6 Bank,20f0fb4e-fcfa-51c7-8939-0f4ce5ed657f,bank_fixed_incomes,LCA,BRBANKLCA3A3|60746948000112|2025-12-26|2028-12-01,126.7900000000,127493.6800000000,BRL,2026-08-21 09:08:04,"['missing:indexer']"
Nubank,f3ce7b7a-d660-52cf-b819-c10cb66c1338,bank_fixed_incomes,RDB,BRBANKRDB1A1|18236120000158|2024-01-05|2027-01-01,125.6130000000,125209.7800000000,BRL,2026-08-21 10:18:47,[]
C6 Bank,20f0fb4e-fcfa-51c7-8939-0f4ce5ed657f,bank_fixed_incomes,RDB,BRBANKRDB1A1|18236120000158|2022-02-16|2025-02-01,124.0720000000,124940.5000000000,BRL,2026-08-21 09:08:04,[]
Nubank,f3ce7b7a-d660-52cf-b819-c10cb66c1338,bank_fixed_incomes,LCI,BRBANKLCI2A2|30306294000145|2025-03-20|2028-03-01,124.1240000000,123165.7600000000,BRL,2026-08-21 10:18:47,[]
Nubank,f3ce7b7a-d660-52cf-b819-c10cb66c1338,bank_fixed_incomes,LCI,BRBANKLCI2A2|30306294000145|2020-04-14|2023-04-01,119.9410000000,120581.4800000000,BRL,2026-08-21 10:18:47,[]
Nubank,f3ce7b7a-d660-52cf-b819-c10cb66c1338,bank_fixed_incomes,LCA,BRBANKLCA3A3|60746948000112|2024-05-16|2027-05-01,119.1540000000,119120.6400000000,BRL,2026-08-21 10:18:47,[]
Nubank,f3ce7b7a-d660-52cf-b819-c10cb66c1338,bank_fixed_incomes,LCI,BRBANKLCI2A2|30306294000145|2024-12-27|2027-12-01,117.0230000000,117574.1800000000,BRL,2026-08-21 10:18:47,[]
Nubank,f3ce7b7a-d660-52cf-b819-c10cb66c1338,bank_fixed_incomes,RDB,BRBANKRDB5A5|60518222000122|2024-01-27|2027-01-01,117.8180000000,117400.9200000000,BRL,2026-08-21 10:18:47,"['missing:purchase_date']"
Itau,3343bc26-23e3-5745-9c2a-932d111e9079,treasure_titles,Tesouro IPCA+ 2035,Tesouro IPCA+ 2035,90.9900000000,112451.1300000000,BRL,2026-08-21 10:22:43,[]
Nubank,f3ce7b7a-d660-52cf-b819-c10cb66c1338,bank_fixed_incomes,RDB,BRBANKRDB5A5|60518222000122|2023-09-20|2026-09-01,112.1750000000,112209.7700000000,BRL,2026-08-21 10:18:47,[]
C6 Bank,20f0fb4e-fcfa-51c7-8939-0f4ce5ed657f,bank_fixed_incomes,CDB,BRBANKCDB0A0|30680829000143|2023-08-13|2026-08-01,110.8420000000,111020.4600000000,BRL,2026-08-21 09:08:04,[]
Nubank,f3ce7b7a-d660-52cf-b819-c10cb66c1338,bank_fixed_incomes,RDB,BRBANKRDB1A1|18236120000158|2019-12-11|2022-12-01,110.9780000000,110891.4400000000,BRL,2026-08-21 10:18:47,[]
Nubank,f3ce7b7a-d660-52cf-b819-c10cb66c1338,bank_fixed_incomes,CDB,BRBANKCDB0A0|30680829000143|2023-03-19|2026-03-01,109.5780000000,109323.7800000000,BRL,2026-08-21 10:18:47,[]
Nubank,f3ce7b7a-d660-52cf-b819-c10cb66c1338,bank_fixed_incomes,CDB,BRBANKCDB0A0|30680829000143|2024-07-04|2027-07-01,105.5830000000,105584.0600000000,BRL,2026-08-21 10:18:47,[]
Nubank,f3ce7b7a-d660-52cf-b819-c10cb66c1338,bank_fixed_incomes,RDB,BRBANKRDB5A5|60518222000122|2023-09-28|2026-09-01,104.1340000000,104225.6400000000,BRL,2026-08-21 10:18:47,[]
Itau,3343bc26-23e3-5745-9c2a-932d111e9079,bank_fixed_incomes,CDB,BRBANKCDB4A4|00360305000104|2024-04-21|2027-04-01,103.0170000000,103723.7000000000,BRL,2026-08-21 10:22:43,[]
Nubank,f3ce7b7a-d660-52cf-b819-c10cb66c1338,bank_fixed_incomes,LCA,BRBANKLCA3A3|60746948000112|2021-03-31|2024-03-01,101.7020000000,100755.1500000000,BRL,2026-08-21 10:18:47,[]
Nubank,f3ce7b7a-d660-52cf-b819-c10cb66c1338,funds,SPX NIMITZ ESTRUTURAL FIC FIM,34177667000185,2594.1038961000,100360.3800000000,BRL,2026-08-21 10:18:47,[]
Nubank,f3ce7b7a-d660-52cf-b819-c10cb66c1338,bank_fixed_incomes,CDB,BRBANKCDB0A0|30680829000143|2023-11-28|2026-11-01,100.2530000000,99507.1200000000,BRL,2026-08-21 10:18:47,[]
Nubank,f3ce7b7a-d660-52cf-b819-c10cb66c1338,bank_fixed_incomes,CDB,BRBANKCDB4A4|00360305000104|2023-09-19|2026-09-01,98.2740000000,98947.1800000000,BRL,2026-08-21 10:18:47,[]
Nubank,f3ce7b7a-d660-52cf-b819-c10cb66c1338,bank_fixed_incomes,LCI,BRBANKLCI2A2|30306294000145|2022-03-23|2025-03-01,9900.0000000000,98516.0800000000,BRL,2026-08-21 10:18:47,[]
Nubank,f3ce7b7a-d660-52cf-b819-c10cb66c1338,bank_fixed_incomes,CDB,BRBANKCDB4A4|00360305000104|2025-06-27|2028-06-01,97.9330000000,97584.3600000000,BRL,2026-08-21 10:18:47,[]
C6 Bank,20f0fb4e-fcfa-51c7-8939-0f4ce5ed657f,bank_fixed_incomes,RDB,BRBANKRDB1A1|18236120000158|2024-09-26|2027-09-01,97.0660000000,97310.6100000000,BRL,2026-08-21 09:08:04,[]
Nubank,f3ce7b7a-d660-52cf-b819-c10cb66c1338,credit_fixed_incomes,VAMOS LOCACAO S.A.,BRDEBSEC03A3|07689002000189|2031-06-15,95.7840000000,96629.9600000000,BRL,2026-08-21 10:18:47,[]
Nubank,f3ce7b7a-d660-52cf-b819-c10cb66c1338,bank_fixed_incomes,LCA,BRBANKLCA3A3|60746948000112|2024-07-14|2027-07-01,95.3570000000,96235.2400000000,BRL,2026-08-21 10:18:47,[]
Nubank,f3ce7b7a-d660-52cf-b819-c10cb66c1338,bank_fixed_incomes,CDB,BRBANKCDB4A4|00360305000104|2021-08-13|2024-08-01,94.0830000000,94840.3700000000,BRL,2026-08-21 10:18:47,[]
Nubank,f3ce7b7a-d660-52cf-b819-c10cb66c1338,variable_incomes,ITUB4,ITUB4,3867.0000000000,94087.4800000000,BRL,2026-08-21 10:18:47,[merged_lots]
Nubank,f3ce7b7a-d660-52cf-b819-c10cb66c1338,bank_fixed_incomes,LCA,BRBANKLCA3A3|60746948000112|2019-10-28|2022-10-01,91.7060000000,91660.1500000000,BRL,2026-08-21 10:18:47,[]
Nubank,f3ce7b7a-d660-52cf-b819-c10cb66c1338,bank_fixed_incomes,RDB,BRBANKRDB1A1|18236120000158|2025-11-07|2028-11-01,91.5170000000,91159.1700000000,BRL,2026-08-21 10:18:47,[]
C6 Bank,20f0fb4e-fcfa-51c7-8939-0f4ce5ed657f,bank_fixed_incomes,RDB,BRBANKRDB5A5|60518222000122|2023-12-22|2026-12-01,87.0780000000,87827.7400000000,BRL,2026-08-21 09:08:04,[]
Nubank,f3ce7b7a-d660-52cf-b819-c10cb66c1338,bank_fixed_incomes,RDB,BRBANKRDB5A5|60518222000122|2025-07-10|2028-07-01,87.0380000000,87551.5200000000,BRL,2026-08-21 10:18:47,[]
Itau,3343bc26-23e3-5745-9c2a-932d111e9079,funds,SPX NIMITZ ESTRUTURAL FIC FIM,34177667000185,2220.7272727300,85810.9200000000,BRL,2026-08-21 10:22:43,[]
Nubank,f3ce7b7a-d660-52cf-b819-c10cb66c1338,bank_fixed_incomes,LCI,BRBANKLCI2A2|30306294000145|2021-07-22|2024-07-01,85.9370000000,85775.4400000000,BRL,2026-08-21 10:18:47,[]
Nubank,f3ce7b7a-d660-52cf-b819-c10cb66c1338,bank_fixed_incomes,RDB,BRBANKRDB1A1|18236120000158|2023-08-26|2026-08-01,84.8360000000,84572.1600000000,BRL,2026-08-21 10:18:47,[]
C6 Bank,20f0fb4e-fcfa-51c7-8939-0f4ce5ed657f,bank_fixed_incomes,CDB,BRBANKCDB4A4|00360305000104|2024-04-20|2027-04-01,84.0240000000,84236.5800000000,BRL,2026-08-21 09:08:04,[]
C6 Bank,20f0fb4e-fcfa-51c7-8939-0f4ce5ed657f,bank_fixed_incomes,LCI,BRBANKLCI2A2|30306294000145|2023-11-30|2026-11-01,82.4040000000,83213.2100000000,BRL,2026-08-21 09:08:04,[]
Nubank,f3ce7b7a-d660-52cf-b819-c10cb66c1338,bank_fixed_incomes,CDB,BRBANKCDB4A4|00360305000104|2020-06-07|2023-06-01,82.6190000000,82035.7100000000,BRL,2026-08-21 10:18:47,"['missing:purchase_date']"
C6 Bank,20f0fb4e-fcfa-51c7-8939-0f4ce5ed657f,bank_fixed_incomes,LCI,BRBANKLCI2A2|30306294000145|2025-12-23|2028-12-01,79.5650000000,79555.4500000000,BRL,2026-08-21 09:08:04,[]
Nubank,f3ce7b7a-d660-52cf-b819-c10cb66c1338,credit_fixed_incomes,OMEGA ENERGIA S.A.,BRDEBSEC01A1|09149503000106|2029-06-15,76.4520000000,77208.8700000000,BRL,2026-08-21 10:18:47,[]
C6 Bank,20f0fb4e-fcfa-51c7-8939-0f4ce5ed657f,bank_fixed_incomes,CDB,BRBANKCDB4A4|00360305000104|2024-04-17|2027-04-01,75.8630000000,76053.4200000000,BRL,2026-08-21 09:08:04,[]
Nubank,f3ce7b7a-d660-52cf-b819-c10cb66c1338,bank_fixed_incomes,CDB,BRBANKCDB0A0|30680829000143|2020-12-17|2023-12-01,73.1590000000,73738.4200000000,BRL,2026-08-21 10:18:47,[]
Nubank,f3ce7b7a-d660-52cf-b819-c10cb66c1338,bank_fixed_incomes,LCA,BRBANKLCA3A3|60746948000112|2021-10-01|2024-10-01,72.2290000000,71814.4100000000,BRL,2026-08-21 10:18:47,"['missing:purchase_date']"
Nubank,f3ce7b7a-d660-52cf-b819-c10cb66c1338,bank_fixed_incomes,RDB,BRBANKRDB5A5|60518222000122|2025-02-28|2028-02-01,71.0050000000,70630.8000000000,BRL,2026-08-21 10:18:47,[]
Nubank,f3ce7b7a-d660-52cf-b819-c10cb66c1338,bank_fixed_incomes,LCA,BRBANKLCA3A3|60746948000112|2020-05-23|2023-05-01,66.2010000000,66009.0200000000,BRL,2026-08-21 10:18:47,[]
Nubank,f3ce7b7a-d660-52cf-b819-c10cb66c1338,bank_fixed_incomes,RDB,BRBANKRDB1A1|18236120000158|2020-03-29|2023-03-01,65.1860000000,65232.9300000000,BRL,2026-08-21 10:18:47,[]
Itau,3343bc26-23e3-5745-9c2a-932d111e9079,bank_fixed_incomes,LCA,BRBANKLCA3A3|60746948000112|2021-04-29|2024-04-01,65.2230000000,64851.2300000000,BRL,2026-08-21 10:22:43,[]
Nubank,f3ce7b7a-d660-52cf-b819-c10cb66c1338,bank_fixed_incomes,CDB,BRBANKCDB0A0|30680829000143|2024-01-24|2027-01-01,63.6150000000,63991.6000000000,BRL,2026-08-21 10:18:47,[]
Nubank,f3ce7b7a-d660-52cf-b819-c10cb66c1338,bank_fixed_incomes,LCA,BRBANKLCA3A3|60746948000112|2020-07-16|2023-07-01,61.7720000000,61873.9200000000,BRL,2026-08-21 10:18:47,[]
Nubank,f3ce7b7a-d660-52cf-b819-c10cb66c1338,bank_fixed_incomes,RDB,BRBANKRDB1A1|18236120000158|2020-08-04|2023-08-01,61.6350000000,61802.0300000000,BRL,2026-08-21 10:18:47,[]
C6 Bank,20f0fb4e-fcfa-51c7-8939-0f4ce5ed657f,bank_fixed_incomes,RDB,BRBANKRDB1A1|18236120000158|2024-06-26|2027-06-01,58.9870000000,59011.1800000000,BRL,2026-08-21 09:08:04,[]
C6 Bank,20f0fb4e-fcfa-51c7-8939-0f4ce5ed657f,bank_fixed_incomes,CDB,BRBANKCDB0A0|30680829000143|2020-03-02|2023-03-01,56.4320000000,56758.1800000000,BRL,2026-08-21 09:08:04,[]
Nubank,f3ce7b7a-d660-52cf-b819-c10cb66c1338,bank_fixed_incomes,RDB,BRBANKRDB5A5|60518222000122|2020-02-13|2023-02-01,55.4970000000,55440.9500000000,BRL,2026-08-21 10:18:47,[]
Nubank,f3ce7b7a-d660-52cf-b819-c10cb66c1338,bank_fixed_incomes,CDB,BRBANKCDB4A4|00360305000104|2023-06-12|2026-06-01,54.8560000000,54764.9400000000,BRL,2026-08-21 10:18:47,[]
Nubank,f3ce7b7a-d660-52cf-b819-c10cb66c1338,bank_fixed_incomes,CDB,BRBANKCDB4A4|00360305000104|2020-11-04|2023-11-01,54.5530000000,54528.4500000000,BRL,2026-08-21 10:18:47,[]
Nubank,f3ce7b7a-d660-52cf-b819-c10cb66c1338,funds,ALASKA BLACK FIC FIA - BDR NIVEL I,11052478000102,56902.0000000000,54369.9600000000,BRL,2026-08-21 10:18:47,"[zero_gross_lot, merged_lots]"
Nubank,f3ce7b7a-d660-52cf-b819-c10cb66c1338,bank_fixed_incomes,CDB,BRBANKCDB4A4|00360305000104|2025-05-30|2028-05-01,52.7870000000,52504.0600000000,BRL,2026-08-21 10:18:47,"['missing:purchase_date']"
C6 Bank,20f0fb4e-fcfa-51c7-8939-0f4ce5ed657f,bank_fixed_incomes,LCI,BRBANKLCI2A2|30306294000145|2022-05-31|2025-05-01,51.1690000000,51264.1700000000,BRL,2026-08-21 09:08:04,[]
Nubank,f3ce7b7a-d660-52cf-b819-c10cb66c1338,bank_fixed_incomes,CDB,BRBANKCDB0A0|92894922000108|2020-12-24|2023-12-01,50.8740000000,51258.1000000000,BRL,2026-08-21 10:18:47,"['missing:purchase_date']"
Nubank,f3ce7b7a-d660-52cf-b819-c10cb66c1338,bank_fixed_incomes,LCI,BRBANKLCI2A2|30306294000145|2024-10-08|2027-10-01,49.3220000000,49338.7700000000,BRL,2026-08-21 10:18:47,[]
Nubank,f3ce7b7a-d660-52cf-b819-c10cb66c1338,bank_fixed_incomes,LCA,BRBANKLCA3A3|60746948000112|2020-12-16|2023-12-01,48.4170000000,48202.5100000000,BRL,2026-08-21 10:18:47,[]
Nubank,f3ce7b7a-d660-52cf-b819-c10cb66c1338,bank_fixed_incomes,RDB,BRBANKRDB5A5|60518222000122|2023-07-04|2026-07-01,47.8230000000,47612.1000000000,BRL,2026-08-21 10:18:47,[]
Nubank,f3ce7b7a-d660-52cf-b819-c10cb66c1338,bank_fixed_incomes,RDB,BRBANKRDB5A5|60518222000122|2025-03-01|2028-03-01,47.5460000000,47076.2500000000,BRL,2026-08-21 10:18:47,[]
Itau,3343bc26-23e3-5745-9c2a-932d111e9079,bank_fixed_incomes,RDB,BRBANKRDB1A1|18236120000158|2023-05-30|2026-05-01,43.7320000000,43599.0500000000,BRL,2026-08-21 10:22:43,[]
Nubank,f3ce7b7a-d660-52cf-b819-c10cb66c1338,bank_fixed_incomes,LCI,BRBANKLCI2A2|30306294000145|2022-08-12|2025-08-01,41.9040000000,42202.7800000000,BRL,2026-08-21 10:18:47,[]
Nubank,f3ce7b7a-d660-52cf-b819-c10cb66c1338,bank_fixed_incomes,CDB,BRBANKCDB0A0|30680829000143|2025-06-30|2028-06-01,41.6610000000,41883.0500000000,BRL,2026-08-21 10:18:47,[]
Nubank,f3ce7b7a-d660-52cf-b819-c10cb66c1338,bank_fixed_incomes,RDB,BRBANKRDB1A1|18236120000158|2023-06-09|2026-06-01,41.6080000000,41596.3500000000,BRL,2026-08-21 10:18:47,[]
Nubank,f3ce7b7a-d660-52cf-b819-c10cb66c1338,variable_incomes,NULL,22ac5024-2e82-5174-b51e-6ebb963f5501,1533.0000000000,39710.8300000000,BRL,2026-08-21 10:18:47,"['missing:ticker', 'missing:isin_code', missing_key]"
Nubank,f3ce7b7a-d660-52cf-b819-c10cb66c1338,credit_fixed_incomes,OMEGA ENERGIA S.A.,f8196b35-86d8-5b30-a402-de46703a9be1,39.0860000000,39044.2600000000,BRL,2026-08-21 10:18:47,"['missing:isin_code', missing_key]"
Nubank,f3ce7b7a-d660-52cf-b819-c10cb66c1338,bank_fixed_incomes,LCI,BRBANKLCI2A2|30306294000145|2024-08-29|2027-08-01,39.1490000000,38878.4800000000,BRL,2026-08-21 10:18:47,[]
Nubank,f3ce7b7a-d660-52cf-b819-c10cb66c1338,bank_fixed_incomes,RDB,BRBANKRDB1A1|18236120000158|2022-01-01|2025-01-01,34.8960000000,34820.9700000000,BRL,2026-08-21 10:18:47,[]
Nubank,f3ce7b7a-d660-52cf-b819-c10cb66c1338,credit_fixed_incomes,MRS LOGISTICA S/A,BRCRISEC06A6|01417222000177|2027-06-15,32.7230000000,32766.9800000000,BRL,2026-08-21 10:18:47,[]
Nubank,f3ce7b7a-d660-52cf-b819-c10cb66c1338,funds,IPCA LONGA DURACAO FIC FIRF,29562673000117,2238.3448275900,32674.1000000000,BRL,2026-08-21 10:18:47,[]
C6 Bank,20f0fb4e-fcfa-51c7-8939-0f4ce5ed657f,credit_fixed_incomes,VAMOS LOCACAO S.A.,BRDEBSEC03A3|07689002000189|2027-06-15,31.9790000000,31930.2600000000,BRL,2026-08-21 09:08:04,[]
C6 Bank,20f0fb4e-fcfa-51c7-8939-0f4ce5ed657f,bank_fixed_incomes,CDB,BRBANKCDB4A4|00360305000104|2019-10-24|2022-10-01,31.4130000000,31229.2300000000,BRL,2026-08-21 09:08:04,[]
Nubank,f3ce7b7a-d660-52cf-b819-c10cb66c1338,bank_fixed_incomes,CDB,BRBANKCDB4A4|00360305000104|2023-07-08|2026-07-01,27.1230000000,27173.7200000000,BRL,2026-08-21 10:18:47,[]
Nubank,f3ce7b7a-d660-52cf-b819-c10cb66c1338,bank_fixed_incomes,RDB,BRBANKRDB5A5|60518222000122|2025-10-21|2028-10-01,25.5280000000,25722.7800000000,BRL,2026-08-21 10:18:47,[]
C6 Bank,20f0fb4e-fcfa-51c7-8939-0f4ce5ed657f,bank_fixed_incomes,CDB,BRBANKCDB4A4|00360305000104|2020-01-05|2023-01-01,25.6180000000,25504.5100000000,BRL,2026-08-21 09:08:04,[]
C6 Bank,20f0fb4e-fcfa-51c7-8939-0f4ce5ed657f,bank_fixed_incomes,RDB,BRBANKRDB5A5|60518222000122|2022-10-21|2025-10-01,25.4090000000,25182.6100000000,BRL,2026-08-21 09:08:04,[]
Nubank,f3ce7b7a-d660-52cf-b819-c10cb66c1338,bank_fixed_incomes,LCA,BRBANKLCA3A3|60746948000112|2026-01-30|2029-01-01,24.3860000000,24464.2800000000,BRL,2026-08-21 10:18:47,"['missing:purchase_date']"
C6 Bank,20f0fb4e-fcfa-51c7-8939-0f4ce5ed657f,treasure_titles,Tesouro Prefixado 2029,Tesouro Prefixado 2029,31.1300000000,23465.5200000000,BRL,2026-08-21 09:08:04,[]
Nubank,f3ce7b7a-d660-52cf-b819-c10cb66c1338,bank_fixed_incomes,LCA,BRBANKLCA3A3|60746948000112|2024-12-12|2027-12-01,22.5720000000,22505.8600000000,BRL,2026-08-21 10:18:47,[]
Nubank,f3ce7b7a-d660-52cf-b819-c10cb66c1338,bank_fixed_incomes,CDB,BRBANKCDB4A4|00360305000104|2025-03-25|2028-03-01,20.9160000000,20716.6700000000,BRL,2026-08-21 10:18:47,[]
C6 Bank,20f0fb4e-fcfa-51c7-8939-0f4ce5ed657f,treasure_titles,Tesouro IPCA+ com Juros Semestrais 2032,Tesouro IPCA+ com Juros Semestrais 2032,11.7800000000,17888.4000000000,BRL,2026-08-21 09:08:04,[]
Nubank,f3ce7b7a-d660-52cf-b819-c10cb66c1338,bank_fixed_incomes,RDB,BRBANKRDB1A1|18236120000158|2021-05-06|2024-05-01,17.3730000000,17284.5700000000,BRL,2026-08-21 10:18:47,[]
C6 Bank,20f0fb4e-fcfa-51c7-8939-0f4ce5ed657f,variable_incomes,ITUB4,ITUB4,651.0000000000,15750.9400000000,BRL,2026-08-21 09:08:04,[]
Itau,3343bc26-23e3-5745-9c2a-932d111e9079,funds,SELECAO DIVIDENDOS FIC FIA,07059417000107,280.8712871300,14324.4200000000,BRL,2026-08-21 10:22:43,[]
Itau,3343bc26-23e3-5745-9c2a-932d111e9079,bank_fixed_incomes,CDB,BRBANKCDB0A0|30680829000143|2021-07-10|2024-07-01,12.2590000000,12152.5900000000,BRL,2026-08-21 10:22:43,[]
C6 Bank,20f0fb4e-fcfa-51c7-8939-0f4ce5ed657f,variable_incomes,B3SA3,B3SA3,157.0000000000,8465.7500000000,BRL,2026-08-21 09:08:04,[]
Nubank,f3ce7b7a-d660-52cf-b819-c10cb66c1338,bank_fixed_incomes,LCA,BRBANKLCA3A3|60746948000112|2025-11-14|2028-11-01,7.7170000000,7743.8600000000,BRL,2026-08-21 10:18:47,[]
C6 Bank,20f0fb4e-fcfa-51c7-8939-0f4ce5ed657f,variable_incomes,WEGE3,WEGE3,158.0000000000,6544.9900000000,BRL,2026-08-21 09:08:04,[]
Nubank,f3ce7b7a-d660-52cf-b819-c10cb66c1338,bank_fixed_incomes,RDB,BRBANKRDB1A1|18236120000158|2022-02-06|2025-02-01,6.0520000000,6076.0300000000,BRL,2026-08-21 10:18:47,[]
Nubank,f3ce7b7a-d660-52cf-b819-c10cb66c1338,bank_fixed_incomes,CDB,BRBANKCDB0A0|30680829000143|2021-03-21|2024-03-01,40.1290000000,0.0000000000,BRL,2026-08-21 10:18:47,[]
Nubank,f3ce7b7a-d660-52cf-b819-c10cb66c1338,bank_fixed_incomes,LCA,BRBANKLCA3A3|60746948000112|2020-11-02|2023-11-01,112.5660000000,0.0000000000,BRL,2026-08-21 10:18:47,[]
Nubank,f3ce7b7a-d660-52cf-b819-c10cb66c1338,bank_fixed_incomes,LCI,BRBANKLCI2A2|30306294000145|2021-11-03|2024-11-01,172.8160000000,0.0000000000,BRL,2026-08-21 10:18:47,[]
