transaction_date,institution_name,account_id,product_family,holding_name,holding_key,movement_type,transaction_type,transaction_type_additional_info,gross_amount,net_amount,currency,transaction_id,data_quality_flags
2019-11-17,C6 Bank,33276234-5740-5b49-b728-093d9b92d4a9,bank_fixed_incomes,LCA,BRBANKLCA3A3|60746948000112|2019-11-17|2022-11-01,ENTRADA,APLICACAO,NULL,52957.0000000000,52957.0000000000,BRL,02b6c39b-7108-5034-92ed-546b8eaff00b,[]
2020-01-02,C6 Bank,33276234-5740-5b49-b728-093d9b92d4a9,bank_fixed_incomes,RDB,BRBANKRDB1A1|18236120000158|2020-01-02|2023-01-01,ENTRADA,APLICACAO,NULL,157027.0000000000,157027.0000000000,BRL,de361edc-8f1b-5161-bda7-87ed2222dff9,[]
2020-01-22,C6 Bank,33276234-5740-5b49-b728-093d9b92d4a9,bank_fixed_incomes,LCA,BRBANKLCA3A3|60746948000112|2020-01-22|2023-01-01,ENTRADA,APLICACAO,NULL,147073.0000000000,147073.0000000000,BRL,713fb272-a1ef-5620-8d6a-becc4a5f5d8d,[]
2020-02-28,C6 Bank,33276234-5740-5b49-b728-093d9b92d4a9,credit_fixed_incomes,VAMOS LOCACAO S.A.,BRDEBSEC03A3|07689002000189|2025-06-15,ENTRADA,COMPRA,NULL,96631.0000000000,96631.0000000000,BRL,4ee16de8-d93f-5434-9c63-c2815b43d102,[]
2020-06-02,C6 Bank,33276234-5740-5b49-b728-093d9b92d4a9,funds,SPX NIMITZ ESTRUTURAL FIC FIM,34177667000185,ENTRADA,APLICACAO,NULL,183930.0000000000,NULL,BRL,97741fd3-abc9-5a6d-bf82-065bc07072b6,[]
2020-06-22,C6 Bank,33276234-5740-5b49-b728-093d9b92d4a9,bank_fixed_incomes,RDB,BRBANKRDB5A5|60518222000122|2020-06-22|2023-06-01,ENTRADA,APLICACAO,NULL,145263.0000000000,145263.0000000000,BRL,c9142c27-1809-5e0c-8df1-7c84762eed87,[]
2020-07-27,C6 Bank,33276234-5740-5b49-b728-093d9b92d4a9,variable_incomes,BBDC4,BBDC4,ENTRADA,COMPRA,NULL,190742.5000000000,NULL,BRL,2673f3af-b4fe-5649-8024-543cd45315e3,[]
2020-08-05,C6 Bank,33276234-5740-5b49-b728-093d9b92d4a9,bank_fixed_incomes,RDB,BRBANKRDB5A5|60518222000122|2020-08-05|2023-08-01,ENTRADA,APLICACAO,NULL,53120.0000000000,53120.0000000000,BRL,3be3045d-677f-57d2-b029-1bc13ac9b870,[]
2020-10-23,C6 Bank,33276234-5740-5b49-b728-093d9b92d4a9,bank_fixed_incomes,LCI,BRBANKLCI2A2|30306294000145|2020-10-23|2023-10-01,ENTRADA,APLICACAO,NULL,177812.0000000000,177812.0000000000,BRL,6900b4ac-80a6-5640-b2fb-611ab2c90dcb,[]
2020-10-27,C6 Bank,33276234-5740-5b49-b728-093d9b92d4a9,bank_fixed_incomes,CDB,BRBANKCDB4A4|00360305000104|2020-10-27|2023-10-01,ENTRADA,APLICACAO,NULL,128283.0000000000,128283.0000000000,BRL,cb1952b5-61cd-5db3-a667-d4c8f2f1cadb,[]
2020-11-24,C6 Bank,33276234-5740-5b49-b728-093d9b92d4a9,bank_fixed_incomes,LCI,BRBANKLCI2A2|30306294000145|2020-11-24|2023-11-01,ENTRADA,APLICACAO,NULL,229802.0000000000,229802.0000000000,BRL,6c603974-ad6c-53a8-b20d-4fccae711aff,[]
2021-01-09,C6 Bank,33276234-5740-5b49-b728-093d9b92d4a9,bank_fixed_incomes,RDB,BRBANKRDB1A1|18236120000158|2021-01-09|2024-01-01,ENTRADA,APLICACAO,NULL,99173.0000000000,99173.0000000000,BRL,44619254-dd2a-5132-a2cc-feea956cac53,[]
2021-01-28,C6 Bank,33276234-5740-5b49-b728-093d9b92d4a9,bank_fixed_incomes,RDB,BRBANKRDB5A5|60518222000122|2021-01-28|2024-01-01,ENTRADA,APLICACAO,NULL,201725.0000000000,201725.0000000000,BRL,8057303f-b430-5949-a33e-fe4cbca329e4,[]
2021-02-12,C6 Bank,33276234-5740-5b49-b728-093d9b92d4a9,bank_fixed_incomes,RDB,BRBANKRDB5A5|60518222000122|2021-02-12|2024-02-01,ENTRADA,APLICACAO,NULL,126019.0000000000,126019.0000000000,BRL,e51224fe-307c-590f-a6a4-3658618f6f1b,[]
2021-06-15,C6 Bank,33276234-5740-5b49-b728-093d9b92d4a9,bank_fixed_incomes,RDB,BRBANKRDB1A1|18236120000158|2021-06-15|2024-06-01,ENTRADA,APLICACAO,NULL,99375.0000000000,99375.0000000000,BRL,5265b70d-1f24-5e0d-91e8-46fe897fadfc,[]
2021-06-17,C6 Bank,33276234-5740-5b49-b728-093d9b92d4a9,funds,KAPITALO KAPPA FIC FIM,18318213000154,ENTRADA,APLICACAO,NULL,725.0000000000,NULL,BRL,a29ee481-9b13-52bb-9acb-4bbdd87799b7,[]
2021-07-20,C6 Bank,33276234-5740-5b49-b728-093d9b92d4a9,bank_fixed_incomes,RDB,BRBANKRDB1A1|18236120000158|2021-07-20|2024-07-01,ENTRADA,APLICACAO,NULL,88812.0000000000,88812.0000000000,BRL,5d59f9d2-732b-5c04-83b6-ff83329d1ddd,[]
2021-12-08,C6 Bank,33276234-5740-5b49-b728-093d9b92d4a9,bank_fixed_incomes,LCI,BRBANKLCI2A2|30306294000145|2021-12-08|2024-12-01,ENTRADA,APLICACAO,NULL,104712.0000000000,104712.0000000000,BRL,b2729173-4af9-512a-9fda-5dce4d8a981c,[]
2021-12-31,C6 Bank,33276234-5740-5b49-b728-093d9b92d4a9,bank_fixed_incomes,LCA,BRBANKLCA3A3|60746948000112|2021-12-31|2024-12-01,ENTRADA,APLICACAO,NULL,16906.0000000000,16906.0000000000,BRL,8123ae40-4580-5719-bb09-408b9331b312,[]
2022-01-17,C6 Bank,33276234-5740-5b49-b728-093d9b92d4a9,bank_fixed_incomes,LCI,BRBANKLCI2A2|30306294000145|2022-01-17|2025-01-01,ENTRADA,APLICACAO,NULL,75516.0000000000,75516.0000000000,BRL,bf0e663f-abb9-510e-891a-2a4bb7d9689a,[]
2022-02-24,C6 Bank,33276234-5740-5b49-b728-093d9b92d4a9,variable_incomes,PETR4,PETR4,ENTRADA,COMPRA,NULL,68210.0000000000,NULL,BRL,4da6562a-d53c-56cf-babd-19798abedbba,[]
2022-06-16,C6 Bank,33276234-5740-5b49-b728-093d9b92d4a9,funds,IPCA LONGA DURACAO FIC FIRF,29562673000117,ENTRADA,APLICACAO,NULL,35573.0000000000,NULL,BRL,062b99ff-ed20-575b-80e1-9fd4051d48ea,[]
2022-07-16,C6 Bank,33276234-5740-5b49-b728-093d9b92d4a9,bank_fixed_incomes,CDB,BRBANKCDB0A0|30680829000143|2022-07-16|2025-07-01,ENTRADA,APLICACAO,NULL,245490.0000000000,245490.0000000000,BRL,118535bf-fdf8-502a-b3f1-dccdcfb328dc,[]
2022-09-05,C6 Bank,33276234-5740-5b49-b728-093d9b92d4a9,variable_incomes,B3SA3,B3SA3,ENTRADA,COMPRA,NULL,165990.0000000000,NULL,BRL,0ca17292-48eb-5c0b-be0e-cff982a24ce6,[]
2022-10-01,C6 Bank,33276234-5740-5b49-b728-093d9b92d4a9,variable_incomes,BPAC11,BPAC11,ENTRADA,COMPRA,NULL,83410.0000000000,NULL,BRL,f2a89f45-4975-5c3e-8519-01236c9e271c,[]
2022-10-17,C6 Bank,33276234-5740-5b49-b728-093d9b92d4a9,bank_fixed_incomes,RDB,BRBANKRDB5A5|60518222000122|2022-10-17|2025-10-01,ENTRADA,APLICACAO,NULL,192885.0000000000,192885.0000000000,BRL,6e12aac0-3b53-53fc-a93b-ff29338ed7c4,[]
2022-12-04,C6 Bank,33276234-5740-5b49-b728-093d9b92d4a9,bank_fixed_incomes,CDB,BRBANKCDB0A0|30680829000143|2022-12-04|2025-12-01,ENTRADA,APLICACAO,NULL,136181.0000000000,136181.0000000000,BRL,1f371aef-6ed4-535e-9b7d-d7be745f3c85,[]
2023-01-13,C6 Bank,33276234-5740-5b49-b728-093d9b92d4a9,bank_fixed_incomes,LCA,BRBANKLCA3A3|60746948000112|2023-01-13|2026-01-01,ENTRADA,APLICACAO,NULL,137452.0000000000,137452.0000000000,BRL,da6c109c-a895-5432-816f-2c41275094cd,[]
2023-02-27,C6 Bank,33276234-5740-5b49-b728-093d9b92d4a9,bank_fixed_incomes,CDB,BRBANKCDB4A4|00360305000104|2023-02-27|2026-02-01,ENTRADA,APLICACAO,NULL,84395.0000000000,84395.0000000000,BRL,2731d504-a01f-53af-814f-95ab3b547461,[]
2023-05-06,C6 Bank,33276234-5740-5b49-b728-093d9b92d4a9,treasure_titles,Tesouro IPCA+ 2035,Tesouro IPCA+ 2035,ENTRADA,COMPRA,NULL,139587.5000000000,139587.5000000000,BRL,863cb5c2-d497-5228-91cf-8bff639fb2ab,[]
2023-06-25,C6 Bank,33276234-5740-5b49-b728-093d9b92d4a9,bank_fixed_incomes,RDB,BRBANKRDB1A1|18236120000158|2023-06-25|2026-06-01,ENTRADA,APLICACAO,NULL,20380.0000000000,20380.0000000000,BRL,a4657bf3-d19a-5e4e-ae8f-719847440a00,[]
2023-08-10,C6 Bank,33276234-5740-5b49-b728-093d9b92d4a9,bank_fixed_incomes,CDB,BRBANKCDB0A0|30680829000143|2023-08-10|2026-08-01,ENTRADA,APLICACAO,NULL,226407.0000000000,226407.0000000000,BRL,d206a237-cc9b-5d05-8af4-4395bc927d51,[]
2023-11-04,C6 Bank,33276234-5740-5b49-b728-093d9b92d4a9,bank_fixed_incomes,RDB,BRBANKRDB1A1|18236120000158|2023-11-04|2026-11-01,ENTRADA,APLICACAO,NULL,65725.0000000000,65725.0000000000,BRL,610b940e-2fec-501b-b6f1-6f882dd46820,[]
2023-11-21,C6 Bank,33276234-5740-5b49-b728-093d9b92d4a9,treasure_titles,Tesouro IPCA+ com Juros Semestrais 2032,Tesouro IPCA+ com Juros Semestrais 2032,ENTRADA,COMPRA,NULL,185025.0000000000,185025.0000000000,BRL,cc165e5f-e0fe-59b3-a9e2-f332bbb7abb4,[]
2023-12-23,C6 Bank,33276234-5740-5b49-b728-093d9b92d4a9,bank_fixed_incomes,LCA,BRBANKLCA3A3|60746948000112|2023-12-23|2026-12-01,ENTRADA,APLICACAO,NULL,148282.0000000000,148282.0000000000,BRL,b4bf62ea-15a8-5284-bf2d-ac76d671d6a1,[]
2024-03-12,C6 Bank,33276234-5740-5b49-b728-093d9b92d4a9,bank_fixed_incomes,LCI,BRBANKLCI2A2|30306294000145|2024-03-12|2027-03-01,ENTRADA,APLICACAO,NULL,213329.0000000000,213329.0000000000,BRL,4f1e4065-acce-5690-910b-c7bd9e8ccf72,[]
2024-05-22,C6 Bank,33276234-5740-5b49-b728-093d9b92d4a9,bank_fixed_incomes,CDB,BRBANKCDB0A0|30680829000143|2024-05-22|2027-05-01,ENTRADA,APLICACAO,NULL,208037.0000000000,208037.0000000000,BRL,6536223d-fc7d-5bed-9cee-4116a7e66587,[]
2024-07-02,C6 Bank,33276234-5740-5b49-b728-093d9b92d4a9,bank_fixed_incomes,LCI,BRBANKLCI2A2|30306294000145|2024-07-02|2027-07-01,ENTRADA,APLICACAO,NULL,220287.0000000000,220287.0000000000,BRL,cae3d292-db53-5955-87b6-da043cf3b5b7,[]
2024-07-10,C6 Bank,33276234-5740-5b49-b728-093d9b92d4a9,credit_fixed_incomes,MRS LOGISTICA S/A,BRDEBSEC05A5|01417222000177|2031-06-15,ENTRADA,COMPRA,NULL,88345.0000000000,88345.0000000000,BRL,fb90fbd2-7f87-57a9-be3b-8117e819d436,[]
2024-07-28,C6 Bank,33276234-5740-5b49-b728-093d9b92d4a9,bank_fixed_incomes,LCI,BRBANKLCI2A2|30306294000145|2024-07-28|2027-07-01,ENTRADA,APLICACAO,NULL,113305.0000000000,113305.0000000000,BRL,f8348895-803c-5bac-b3ae-d2371d21b452,[]
2024-07-30,C6 Bank,33276234-5740-5b49-b728-093d9b92d4a9,bank_fixed_incomes,CDB,BRBANKCDB0A0|30680829000143|2024-07-30|2027-07-01,ENTRADA,APLICACAO,NULL,68720.0000000000,68720.0000000000,BRL,10312d0b-596c-59d2-ad4f-35ab254e2255,[]
2024-08-15,C6 Bank,33276234-5740-5b49-b728-093d9b92d4a9,funds,SELECAO DIVIDENDOS FIC FIA,07059417000107,ENTRADA,APLICACAO,NULL,126282.0000000000,NULL,BRL,b46bc554-79f2-5106-8af8-50d1d92763e0,[]
2024-09-02,C6 Bank,33276234-5740-5b49-b728-093d9b92d4a9,bank_fixed_incomes,CDB,BRBANKCDB4A4|00360305000104|2024-09-02|2027-09-01,ENTRADA,APLICACAO,NULL,116930.0000000000,116930.0000000000,BRL,395add93-903c-5852-b2a7-6ca764260272,[]
2024-09-08,C6 Bank,33276234-5740-5b49-b728-093d9b92d4a9,bank_fixed_incomes,CDB,BRBANKCDB4A4|00360305000104|2024-09-08|2027-09-01,ENTRADA,APLICACAO,NULL,7319.0000000000,7319.0000000000,BRL,f4a538e7-8f40-5df8-a760-13408f7d283a,[]
2024-10-29,C6 Bank,33276234-5740-5b49-b728-093d9b92d4a9,variable_incomes,WEGE3,WEGE3,ENTRADA,COMPRA,NULL,249240.0000000000,NULL,BRL,b7123ac5-e2bf-5b6c-b95d-ed41daeca0e1,[]
2024-11-23,C6 Bank,33276234-5740-5b49-b728-093d9b92d4a9,bank_fixed_incomes,RDB,BRBANKRDB5A5|60518222000122|2024-11-23|2027-11-01,ENTRADA,APLICACAO,NULL,82365.0000000000,82365.0000000000,BRL,115dd858-22c9-5120-9567-7c2d33fbd765,[]
2024-12-16,C6 Bank,33276234-5740-5b49-b728-093d9b92d4a9,bank_fixed_incomes,LCA,BRBANKLCA3A3|60746948000112|2024-12-16|2027-12-01,ENTRADA,APLICACAO,NULL,190241.0000000000,190241.0000000000,BRL,c50132e6-d758-51e4-8f3d-d4b7d159d899,[]
2025-08-22,C6 Bank,33276234-5740-5b49-b728-093d9b92d4a9,bank_fixed_incomes,LCA,BRBANKLCA3A3|60746948000112|2023-12-23|2026-12-01,SAIDA,RESGATE,NULL,69779.0068000000,69555.8034000000,BRL,71d75509-8728-5624-823d-646e6e274867,[]
2025-08-23,C6 Bank,33276234-5740-5b49-b728-093d9b92d4a9,bank_fixed_incomes,RDB,BRBANKRDB1A1|18236120000158|2021-07-20|2024-07-01,SAIDA,RESGATE,NULL,36451.5924000000,36373.1098000000,BRL,8a5e0b6e-ee02-5f94-b994-fe1dbcca1f1f,[]
2025-08-26,C6 Bank,33276234-5740-5b49-b728-093d9b92d4a9,bank_fixed_incomes,RDB,BRBANKRDB5A5|60518222000122|2021-02-12|2024-02-01,SAIDA,VENCIMENTO,NULL,127274.1492000000,127062.7963000000,BRL,b6e8aa31-2aeb-57e3-84a4-56a348de2f0b,[]
2025-08-29,C6 Bank,33276234-5740-5b49-b728-093d9b92d4a9,bank_fixed_incomes,LCA,BRBANKLCA3A3|60746948000112|2024-12-16|2027-12-01,SAIDA,RESGATE,NULL,75875.9939000000,75695.5744000000,BRL,2f6954b2-311a-5378-abe9-6967691c1acc,[]
2025-08-29,C6 Bank,33276234-5740-5b49-b728-093d9b92d4a9,bank_fixed_incomes,CDB,BRBANKCDB4A4|00360305000104|2023-02-27|2026-02-01,SAIDA,RESGATE,NULL,8313.8985000000,8289.9187000000,BRL,81854e41-e212-589c-8f1f-2a551f794b6b,[]
2025-08-31,C6 Bank,33276234-5740-5b49-b728-093d9b92d4a9,variable_incomes,BBDC4,BBDC4,ENTRADA,COMPRA,NULL,53170.3900000000,NULL,BRL,b9e8a4cc-e217-50be-8eb7-dd542fe222d5,[]
2025-09-02,C6 Bank,33276234-5740-5b49-b728-093d9b92d4a9,variable_incomes,B3SA3,B3SA3,SAIDA,VENDA,NULL,81993.6260000000,NULL,BRL,46bcaf1c-9e51-59b9-a9b6-235ec9680730,[]
2025-09-02,C6 Bank,33276234-5740-5b49-b728-093d9b92d4a9,bank_fixed_incomes,RDB,BRBANKRDB1A1|18236120000158|2021-07-20|2024-07-01,SAIDA,RESGATE,NULL,38466.3699000000,38318.6967000000,BRL,bd30d088-706d-511f-b7d7-08df6209802b,[]
2025-09-03,C6 Bank,33276234-5740-5b49-b728-093d9b92d4a9,variable_incomes,BBDC4,BBDC4,ENTRADA,COMPRA,NULL,54245.9697000000,NULL,BRL,fac77b90-e9ee-50d0-b201-515aaf5c1f94,[]
2025-09-06,C6 Bank,33276234-5740-5b49-b728-093d9b92d4a9,variable_incomes,BBDC4,BBDC4,ENTRADA,COMPRA,NULL,88623.4401000000,NULL,BRL,4d41efc5-4a48-5d93-b7d6-49c7d82f198c,[]
2025-09-06,C6 Bank,33276234-5740-5b49-b728-093d9b92d4a9,variable_incomes,BPAC11,BPAC11,ENTRADA,COMPRA,NULL,33975.9444000000,NULL,BRL,8c315afa-5e02-56ae-9fc4-bf60f896477c,[]
2025-09-18,C6 Bank,33276234-5740-5b49-b728-093d9b92d4a9,treasure_titles,Tesouro IPCA+ com Juros Semestrais 2032,Tesouro IPCA+ com Juros Semestrais 2032,SAIDA,OUTROS,NULL,6333.9068000000,6333.9068000000,BRL,f06d36c3-603e-557a-badd-bf855a307bc9,[]
2025-09-19,C6 Bank,33276234-5740-5b49-b728-093d9b92d4a9,bank_fixed_incomes,CDB,BRBANKCDB4A4|00360305000104|2024-09-02|2027-09-01,SAIDA,RESGATE,NULL,38790.1679000000,38681.3965000000,BRL,4d0739bc-7b42-5ac6-ad6c-bad0ed42f331,[]
2025-09-21,C6 Bank,33276234-5740-5b49-b728-093d9b92d4a9,treasure_titles,Tesouro IPCA+ 2035,Tesouro IPCA+ 2035,SAIDA,OUTROS,NULL,2080.7678000000,2080.7678000000,BRL,7ba50503-9674-5add-b4d8-19777b52d817,[]
2025-09-24,C6 Bank,33276234-5740-5b49-b728-093d9b92d4a9,bank_fixed_incomes,LCA,BRBANKLCA3A3|60746948000112|2023-12-23|2026-12-01,SAIDA,RESGATE,NULL,29279.4938000000,29221.0585000000,BRL,004e0a07-9172-58b9-b6a5-b461403abc42,[]
2025-09-25,C6 Bank,33276234-5740-5b49-b728-093d9b92d4a9,bank_fixed_incomes,LCI,BRBANKLCI2A2|30306294000145|2024-03-12|2027-03-01,SAIDA,RESGATE,NULL,41655.3548000000,41557.3736000000,BRL,fbd815a3-630d-5f05-8fc4-a3a76696aa85,[]
2025-09-27,C6 Bank,33276234-5740-5b49-b728-093d9b92d4a9,bank_fixed_incomes,CDB,BRBANKCDB4A4|00360305000104|2024-09-02|2027-09-01,ENTRADA,APLICACAO,NULL,35018.0125000000,35018.0125000000,BRL,7df1969d-5468-57a0-a4db-921cd02be6f4,[]
2025-09-27,C6 Bank,33276234-5740-5b49-b728-093d9b92d4a9,bank_fixed_incomes,CDB,BRBANKCDB4A4|00360305000104|2020-10-27|2023-10-01,SAIDA,RESGATE,NULL,23137.8141000000,23043.5736000000,BRL,81916518-2659-53d8-baf9-ab6c63870125,[]
2025-09-30,C6 Bank,33276234-5740-5b49-b728-093d9b92d4a9,bank_fixed_incomes,LCA,BRBANKLCA3A3|60746948000112|2023-12-23|2026-12-01,SAIDA,RESGATE,NULL,52234.2273000000,52055.3308000000,BRL,e73ded47-073b-5a78-9ed9-9181fe20d305,[]
2025-10-01,C6 Bank,33276234-5740-5b49-b728-093d9b92d4a9,bank_fixed_incomes,LCI,BRBANKLCI2A2|30306294000145|2024-03-12|2027-03-01,SAIDA,PAGAMENTO_JUROS,NULL,4298.6085000000,4290.9675000000,BRL,680ab64d-4e1c-5ec8-aa37-7578550049a8,[]
2025-10-26,C6 Bank,33276234-5740-5b49-b728-093d9b92d4a9,variable_incomes,BPAC11,BPAC11,ENTRADA,COMPRA,NULL,25611.9753000000,NULL,BRL,db74e932-daab-52ff-b3c9-6f5897c3d65c,[]
2025-10-29,C6 Bank,33276234-5740-5b49-b728-093d9b92d4a9,bank_fixed_incomes,CDB,BRBANKCDB4A4|00360305000104|2024-09-02|2027-09-01,SAIDA,RESGATE,NULL,57676.1554000000,57364.0712000000,BRL,8742e546-e5a3-523a-bddb-cac907570d13,[]
2025-10-31,C6 Bank,33276234-5740-5b49-b728-093d9b92d4a9,variable_incomes,B3SA3,B3SA3,SAIDA,OUTROS,MOVIMENTACAO NAO CLASSIFICADA PELA INSTITUICAO,2450.1400000000,NULL,BRL,fce23d0c-b145-549c-975e-36f966178105,[]
2025-11-01,C6 Bank,33276234-5740-5b49-b728-093d9b92d4a9,bank_fixed_incomes,LCA,BRBANKLCA3A3|60746948000112|2023-12-23|2026-12-01,SAIDA,RESGATE,NULL,62849.3081000000,62837.8928000000,BRL,c014b4c0-898c-517c-af7b-5a78b1a79e80,[]
2025-11-03,C6 Bank,33276234-5740-5b49-b728-093d9b92d4a9,bank_fixed_incomes,CDB,BRBANKCDB4A4|00360305000104|2024-09-02|2027-09-01,SAIDA,RESGATE,NULL,23788.7916000000,23709.9453000000,BRL,1fb45c97-5129-5e83-b978-3192f41b3cda,[]
2025-11-06,C6 Bank,33276234-5740-5b49-b728-093d9b92d4a9,variable_incomes,BBDC4,BBDC4,ENTRADA,COMPRA,NULL,77031.4454000000,NULL,BRL,4ca9464d-aab2-5b56-93f4-e3ae3a485733,[]
2025-11-07,C6 Bank,33276234-5740-5b49-b728-093d9b92d4a9,variable_incomes,BBDC4,BBDC4,ENTRADA,COMPRA,NULL,55874.9360000000,NULL,BRL,1235c9e7-2d56-50b1-8f00-18f40cb81037,[]
2025-11-08,C6 Bank,33276234-5740-5b49-b728-093d9b92d4a9,bank_fixed_incomes,CDB,BRBANKCDB4A4|00360305000104|2020-10-27|2023-10-01,SAIDA,RESGATE,NULL,52475.4518000000,52253.4756000000,BRL,7d5b747b-8c31-5183-8c4c-668291145db4,[]
2025-11-08,C6 Bank,33276234-5740-5b49-b728-093d9b92d4a9,bank_fixed_incomes,RDB,BRBANKRDB5A5|60518222000122|2024-11-23|2027-11-01,SAIDA,PAGAMENTO_JUROS,NULL,2660.2010000000,2649.9368000000,BRL,8be5b081-d73c-5d8d-8cba-f92c2fd865d8,[]
2025-11-10,C6 Bank,33276234-5740-5b49-b728-093d9b92d4a9,bank_fixed_incomes,RDB,BRBANKRDB1A1|18236120000158|2021-07-20|2024-07-01,SAIDA,RESGATE,NULL,27505.0881000000,27442.1059000000,BRL,7470d966-4bc2-500e-aeb4-d84355f1febf,[]
2025-11-10,C6 Bank,33276234-5740-5b49-b728-093d9b92d4a9,bank_fixed_incomes,CDB,BRBANKCDB0A0|30680829000143|2025-11-10|2028-11-01,ENTRADA,APLICACAO,NULL,167786.0000000000,167786.0000000000,BRL,b8d0e79a-282f-5bd6-89c1-eeb6b749d97d,[]
2025-11-14,C6 Bank,33276234-5740-5b49-b728-093d9b92d4a9,bank_fixed_incomes,RDB,BRBANKRDB1A1|18236120000158|2021-07-20|2024-07-01,SAIDA,RESGATE,NULL,22684.1501000000,22620.3529000000,BRL,9056ae68-4520-5307-9214-7bb73684dbeb,[]
2025-11-16,C6 Bank,33276234-5740-5b49-b728-093d9b92d4a9,variable_incomes,BBDC4,BBDC4,SAIDA,OUTROS,MOVIMENTACAO NAO CLASSIFICADA PELA INSTITUICAO,8852.6165000000,NULL,BRL,9ec046da-3f32-58d4-8643-9e5d064c7094,[]
2025-11-20,C6 Bank,33276234-5740-5b49-b728-093d9b92d4a9,treasure_titles,Tesouro IPCA+ 2035,Tesouro IPCA+ 2035,ENTRADA,OUTROS,NULL,8223.9850000000,8223.9850000000,BRL,3debbd27-6e0d-51e1-99c6-afdde0d48d47,[]
2025-11-21,C6 Bank,33276234-5740-5b49-b728-093d9b92d4a9,bank_fixed_incomes,LCA,BRBANKLCA3A3|60746948000112|2020-01-22|2023-01-01,SAIDA,RESGATE,NULL,27166.3956000000,27128.3872000000,BRL,42260758-6922-51ec-a7e6-e2f743afc4a1,[]
2025-11-28,C6 Bank,33276234-5740-5b49-b728-093d9b92d4a9,bank_fixed_incomes,RDB,BRBANKRDB1A1|18236120000158|2021-07-20|2024-07-01,ENTRADA,APLICACAO,NULL,29693.4676000000,29693.4676000000,BRL,e90cf3ea-aec8-530b-97dc-df6b2f8e8a8c,[]
2025-11-30,C6 Bank,33276234-5740-5b49-b728-093d9b92d4a9,variable_incomes,B3SA3,B3SA3,ENTRADA,COMPRA,NULL,62371.2694000000,NULL,BRL,98b7d35d-631d-5de3-b49d-b42e222d44c6,[]
2025-12-03,C6 Bank,33276234-5740-5b49-b728-093d9b92d4a9,bank_fixed_incomes,LCA,BRBANKLCA3A3|60746948000112|2023-12-23|2026-12-01,SAIDA,RESGATE,NULL,36523.1470000000,36390.8591000000,BRL,080d69bd-7513-5473-aa8b-b4cf800655ae,[]
2025-12-04,C6 Bank,33276234-5740-5b49-b728-093d9b92d4a9,bank_fixed_incomes,RDB,BRBANKRDB5A5|60518222000122|2020-06-22|2023-06-01,ENTRADA,APLICACAO,NULL,70280.4831000000,70280.4831000000,BRL,de5cf696-5330-5074-b61b-d153a7822dc3,[]
2025-12-06,C6 Bank,33276234-5740-5b49-b728-093d9b92d4a9,bank_fixed_incomes,RDB,BRBANKRDB5A5|60518222000122|2021-02-12|2024-02-01,SAIDA,RESGATE,NULL,12931.0420000000,12897.1584000000,BRL,38f735b2-34f4-501b-a01b-4a907ed98d72,[]
2025-12-07,C6 Bank,33276234-5740-5b49-b728-093d9b92d4a9,variable_incomes,BPAC11,BPAC11,SAIDA,VENDA,NULL,21619.4312000000,NULL,BRL,5834aefe-7acc-52d9-b930-b0f96351c825,[]
2025-12-07,C6 Bank,33276234-5740-5b49-b728-093d9b92d4a9,bank_fixed_incomes,RDB,BRBANKRDB1A1|18236120000158|2021-07-20|2024-07-01,SAIDA,RESGATE,NULL,7861.2308000000,7846.9163000000,BRL,75c48334-ab45-586e-92a3-4ded6dd59c5a,[]
2025-12-07,C6 Bank,33276234-5740-5b49-b728-093d9b92d4a9,bank_fixed_incomes,LCI,BRBANKLCI2A2|30306294000145|2024-07-28|2027-07-01,ENTRADA,APLICACAO,NULL,27497.3733000000,27497.3733000000,BRL,84771d74-08ec-5521-8342-89787ea23655,[]
2025-12-08,C6 Bank,33276234-5740-5b49-b728-093d9b92d4a9,bank_fixed_incomes,CDB,BRBANKCDB4A4|00360305000104|2024-09-02|2027-09-01,SAIDA,PAGAMENTO_JUROS,NULL,2075.8409000000,2068.1449000000,BRL,3f30e470-2603-5638-acbd-d2f819f31af6,[]
2025-12-08,C6 Bank,33276234-5740-5b49-b728-093d9b92d4a9,bank_fixed_incomes,RDB,BRBANKRDB5A5|60518222000122|2024-11-23|2027-11-01,SAIDA,PAGAMENTO_JUROS,NULL,546.3862000000,545.6925000000,BRL,e28d6b15-e27a-51a9-8a90-8e3e2f703c23,[]
2025-12-09,C6 Bank,33276234-5740-5b49-b728-093d9b92d4a9,bank_fixed_incomes,CDB,BRBANKCDB4A4|00360305000104|2024-09-02|2027-09-01,SAIDA,RESGATE,NULL,32887.9313000000,32758.8859000000,BRL,5343e547-688d-54fd-ab48-c40af3ad4462,[]
2025-12-11,C6 Bank,33276234-5740-5b49-b728-093d9b92d4a9,variable_incomes,BBDC4,BBDC4,SAIDA,OUTROS,MOVIMENTACAO NAO CLASSIFICADA PELA INSTITUICAO,11274.5035000000,NULL,BRL,dea80852-6683-5af9-855c-b7a795a53d72,[]
2025-12-17,C6 Bank,33276234-5740-5b49-b728-093d9b92d4a9,bank_fixed_incomes,CDB,BRBANKCDB4A4|00360305000104|2024-09-02|2027-09-01,SAIDA,OUTROS,NULL,3557.0398000000,3557.0398000000,BRL,f529aa96-6fb8-5385-84a2-8d7764819882,[]
2025-12-26,C6 Bank,33276234-5740-5b49-b728-093d9b92d4a9,bank_fixed_incomes,RDB,BRBANKRDB1A1|18236120000158|2023-06-25|2026-06-01,SAIDA,RESGATE,NULL,8550.4163000000,8535.1065000000,BRL,31587618-117e-5b89-b2b3-dfa059e456a1,[]
2025-12-28,C6 Bank,33276234-5740-5b49-b728-093d9b92d4a9,bank_fixed_incomes,RDB,BRBANKRDB1A1|18236120000158|2021-07-20|2024-07-01,SAIDA,PAGAMENTO_JUROS,NULL,4413.3076000000,4400.3214000000,BRL,a88da89a-06f7-569e-90f1-6fb3356484e0,[]
2025-12-31,C6 Bank,33276234-5740-5b49-b728-093d9b92d4a9,bank_fixed_incomes,CDB,BRBANKCDB4A4|00360305000104|2024-09-02|2027-09-01,ENTRADA,OUTROS,NULL,6945.7964000000,6945.7964000000,BRL,f50ec779-20df-5ab2-8109-0a5de9b3078f,[]
2026-01-08,C6 Bank,33276234-5740-5b49-b728-093d9b92d4a9,bank_fixed_incomes,RDB,BRBANKRDB5A5|60518222000122|2021-02-12|2024-02-01,SAIDA,RESGATE,NULL,51315.5462000000,51203.2812000000,BRL,47d8465e-410b-576d-a9be-a998ddfb7c3a,[]
2026-01-08,C6 Bank,33276234-5740-5b49-b728-093d9b92d4a9,bank_fixed_incomes,RDB,BRBANKRDB1A1|18236120000158|2021-06-15|2024-06-01,ENTRADA,OUTROS,NULL,5701.0006000000,5701.0006000000,BRL,e3cda0cf-a624-5a33-974a-aa6b91ca0764,[]
2026-01-10,C6 Bank,33276234-5740-5b49-b728-093d9b92d4a9,treasure_titles,Tesouro IPCA+ com Juros Semestrais 2032,Tesouro IPCA+ com Juros Semestrais 2032,SAIDA,VENDA,NULL,41263.9914000000,41107.2086000000,BRL,34f8dcc0-8e97-57f0-869b-7a84fd1f03aa,[]
2026-01-12,C6 Bank,33276234-5740-5b49-b728-093d9b92d4a9,bank_fixed_incomes,LCA,BRBANKLCA3A3|60746948000112|2023-12-23|2026-12-01,ENTRADA,OUTROS,NULL,3424.7358000000,3424.7358000000,BRL,a1e27f7a-9782-5d69-b2ea-7f622c2bd5a9,[]
2026-01-15,C6 Bank,33276234-5740-5b49-b728-093d9b92d4a9,bank_fixed_incomes,LCI,BRBANKLCI2A2|30306294000145|2024-03-12|2027-03-01,SAIDA,RESGATE,NULL,58820.8142000000,58649.3208000000,BRL,09657c2f-82bc-5e34-8b74-feb4fd683e80,[]
2026-01-19,C6 Bank,33276234-5740-5b49-b728-093d9b92d4a9,bank_fixed_incomes,RDB,BRBANKRDB1A1|18236120000158|2021-07-20|2024-07-01,SAIDA,OUTROS,NULL,3513.4187000000,3513.4187000000,BRL,d7f85d50-f9a1-55fa-ae6e-5920a642c16a,[]
2026-01-22,C6 Bank,33276234-5740-5b49-b728-093d9b92d4a9,bank_fixed_incomes,CDB,BRBANKCDB4A4|00360305000104|2023-02-27|2026-02-01,SAIDA,RESGATE,NULL,16634.5355000000,16556.5163000000,BRL,44b89415-ea7b-579d-a5d2-89945d60d542,[]
2026-01-26,C6 Bank,33276234-5740-5b49-b728-093d9b92d4a9,bank_fixed_incomes,CDB,BRBANKCDB0A0|30680829000143|2022-07-16|2025-07-01,SAIDA,RESGATE,NULL,119207.6595000000,118747.0159000000,BRL,3c842d83-6e2d-5490-a7e7-438b18673c56,[]
2026-02-01,C6 Bank,33276234-5740-5b49-b728-093d9b92d4a9,variable_incomes,BPAC11,BPAC11,ENTRADA,COMPRA,NULL,21308.3100000000,NULL,BRL,7d46bbc0-51b5-5f03-8713-41f99093ccbc,[]
2026-02-04,C6 Bank,33276234-5740-5b49-b728-093d9b92d4a9,bank_fixed_incomes,CDB,BRBANKCDB0A0|30680829000143|2022-12-04|2025-12-01,SAIDA,RESGATE,NULL,50251.8758000000,50064.9251000000,BRL,6ee46101-5b7b-5c9e-be2d-e66a63611525,[]
2026-02-13,C6 Bank,33276234-5740-5b49-b728-093d9b92d4a9,variable_incomes,BBDC4,BBDC4,SAIDA,DIVIDENDOS,NULL,4415.3304000000,NULL,BRL,700fadc7-2dac-5d5b-b0b6-d884fdf64801,[]
2026-02-13,C6 Bank,33276234-5740-5b49-b728-093d9b92d4a9,treasure_titles,Tesouro IPCA+ com Juros Semestrais 2032,Tesouro IPCA+ com Juros Semestrais 2032,ENTRADA,COMPRA,NULL,9400.7146000000,9400.7146000000,BRL,a2a437af-a52d-51ee-a32e-15cbb7a793bd,[]
2026-02-28,C6 Bank,33276234-5740-5b49-b728-093d9b92d4a9,bank_fixed_incomes,RDB,BRBANKRDB1A1|18236120000158|2021-07-20|2024-07-01,SAIDA,RESGATE,NULL,31039.2585000000,30974.3438000000,BRL,debc42c0-e519-5149-b2db-d1acbb44fe1c,[]
2026-03-01,C6 Bank,33276234-5740-5b49-b728-093d9b92d4a9,variable_incomes,BPAC11,BPAC11,ENTRADA,COMPRA,NULL,22585.7560000000,NULL,BRL,7c507664-bb5a-5693-a882-8668830e4874,[]
2026-03-07,C6 Bank,33276234-5740-5b49-b728-093d9b92d4a9,bank_fixed_incomes,RDB,BRBANKRDB1A1|18236120000158|2021-07-20|2024-07-01,SAIDA,RESGATE,NULL,42747.4777000000,42631.8853000000,BRL,8b32a3d2-9708-51bf-a269-80c6bb0b722a,[]
2026-03-08,C6 Bank,33276234-5740-5b49-b728-093d9b92d4a9,bank_fixed_incomes,CDB,BRBANKCDB0A0|30680829000143|2022-07-16|2025-07-01,SAIDA,RESGATE,NULL,83191.3316000000,82869.8618000000,BRL,a611d600-6802-5991-9fb3-9a80ea688456,[]
2026-03-11,C6 Bank,33276234-5740-5b49-b728-093d9b92d4a9,bank_fixed_incomes,LCA,BRBANKLCA3A3|60746948000112|2020-01-22|2023-01-01,SAIDA,RESGATE,NULL,36438.3780000000,36315.6152000000,BRL,8570e3b3-c3d0-5cb3-9e6a-e90a532ae28d,[]
2026-03-11,C6 Bank,33276234-5740-5b49-b728-093d9b92d4a9,bank_fixed_incomes,RDB,BRBANKRDB1A1|18236120000158|2021-07-20|2024-07-01,SAIDA,RESGATE,NULL,17347.5468000000,17309.0238000000,BRL,a964bca4-f10b-5d69-94ad-7b78cf98248d,[]
2026-03-25,C6 Bank,33276234-5740-5b49-b728-093d9b92d4a9,bank_fixed_incomes,CDB,BRBANKCDB4A4|00360305000104|2024-09-08|2027-09-01,SAIDA,RESGATE,NULL,3129.5224000000,3116.2681000000,BRL,a18bad9f-b824-59d7-80dd-90b25b33984d,[]
2026-03-26,C6 Bank,33276234-5740-5b49-b728-093d9b92d4a9,variable_incomes,BBDC4,BBDC4,ENTRADA,COMPRA,NULL,37408.8429000000,NULL,BRL,73df5dee-af29-51b1-a2c7-e56e9e0161d2,[]
2026-03-31,C6 Bank,33276234-5740-5b49-b728-093d9b92d4a9,bank_fixed_incomes,CDB,BRBANKCDB4A4|00360305000104|2026-03-31|2029-03-01,ENTRADA,APLICACAO,NULL,129701.0000000000,129701.0000000000,BRL,e756138d-8184-547e-9c37-20b412b3a74e,[]
2026-04-02,C6 Bank,33276234-5740-5b49-b728-093d9b92d4a9,bank_fixed_incomes,RDB,BRBANKRDB1A1|18236120000158|2021-07-20|2024-07-01,SAIDA,RESGATE,NULL,27203.6765000000,27089.8120000000,BRL,0f3b36c2-22a2-552b-81f5-5754070c83d5,[]
2026-04-02,C6 Bank,33276234-5740-5b49-b728-093d9b92d4a9,bank_fixed_incomes,RDB,BRBANKRDB5A5|60518222000122|2024-11-23|2027-11-01,SAIDA,RESGATE,NULL,17006.4910000000,16944.1612000000,BRL,41c0f05a-f4e9-5245-aa4a-7f67fd70b22d,[]
2026-04-09,C6 Bank,33276234-5740-5b49-b728-093d9b92d4a9,bank_fixed_incomes,RDB,BRBANKRDB1A1|18236120000158|2021-07-20|2024-07-01,SAIDA,TRANSFERENCIA_TITULARIDADE,NULL,29590.1331000000,29590.1331000000,BRL,2bc89655-c6ce-5fd9-8375-3aae3ef2c99f,[]
2026-04-12,C6 Bank,33276234-5740-5b49-b728-093d9b92d4a9,bank_fixed_incomes,RDB,BRBANKRDB5A5|60518222000122|2021-02-12|2024-02-01,SAIDA,RESGATE,NULL,27486.0278000000,27401.4906000000,BRL,65b95267-a777-5ab9-b68f-764888fd070f,[]
2026-04-13,C6 Bank,33276234-5740-5b49-b728-093d9b92d4a9,bank_fixed_incomes,LCA,BRBANKLCA3A3|60746948000112|2023-12-23|2026-12-01,SAIDA,RESGATE,NULL,25999.2328000000,25937.4778000000,BRL,c8988201-e03e-511f-88b8-764012e0b180,[]
2026-04-14,C6 Bank,33276234-5740-5b49-b728-093d9b92d4a9,bank_fixed_incomes,RDB,BRBANKRDB1A1|18236120000158|2021-06-15|2024-06-01,ENTRADA,APLICACAO,NULL,8831.9396000000,8831.9396000000,BRL,15fce96c-7410-52b4-9fc2-900780ad8414,[]
2026-04-17,C6 Bank,33276234-5740-5b49-b728-093d9b92d4a9,bank_fixed_incomes,RDB,BRBANKRDB5A5|60518222000122|2020-08-05|2023-08-01,SAIDA,OUTROS,NULL,1291.8566000000,1291.8566000000,BRL,60173d45-56ca-55a1-8698-2a0f406cdd7a,[]
2026-04-17,C6 Bank,33276234-5740-5b49-b728-093d9b92d4a9,variable_incomes,BBDC4,BBDC4,ENTRADA,COMPRA,NULL,29753.4432000000,NULL,BRL,6378bd5d-03d0-5252-8bf8-196f02a0b4c9,[]
2026-04-18,C6 Bank,33276234-5740-5b49-b728-093d9b92d4a9,bank_fixed_incomes,RDB,BRBANKRDB5A5|60518222000122|2021-02-12|2024-02-01,SAIDA,AMORTIZACAO,NULL,2391.9245000000,2388.3662000000,BRL,df7a6dff-9599-579f-8387-b90f381c2b86,[]
2026-04-19,C6 Bank,33276234-5740-5b49-b728-093d9b92d4a9,variable_incomes,B3SA3,B3SA3,ENTRADA,OUTROS,MOVIMENTACAO NAO CLASSIFICADA PELA INSTITUICAO,6971.6328000000,NULL,BRL,e19185ae-3cf8-5518-9469-514e1e7b76bf,[]
2026-04-27,C6 Bank,33276234-5740-5b49-b728-093d9b92d4a9,treasure_titles,Tesouro IPCA+ 2035,Tesouro IPCA+ 2035,SAIDA,OUTROS,NULL,7591.4686000000,7591.4686000000,BRL,1f84bd12-7a4b-5f38-a8f7-925f76cbf042,[]
2026-05-02,C6 Bank,33276234-5740-5b49-b728-093d9b92d4a9,bank_fixed_incomes,RDB,BRBANKRDB5A5|60518222000122|2020-08-05|2023-08-01,SAIDA,RESGATE,NULL,21997.2646000000,21933.5302000000,BRL,2d46657a-311a-5ce3-90c8-49c064b55217,[]
2026-05-05,C6 Bank,33276234-5740-5b49-b728-093d9b92d4a9,bank_fixed_incomes,LCI,BRBANKLCI2A2|30306294000145|2024-03-12|2027-03-01,SAIDA,RESGATE,NULL,71090.6282000000,70910.5451000000,BRL,2588612b-7bde-5899-919f-cde74c364f4c,[]
2026-05-07,C6 Bank,33276234-5740-5b49-b728-093d9b92d4a9,bank_fixed_incomes,RDB,BRBANKRDB5A5|60518222000122|2024-11-23|2027-11-01,ENTRADA,APLICACAO,NULL,20149.3057000000,20149.3057000000,BRL,b6681858-b577-5010-9eb2-f4767d0d90b6,[]
2026-05-07,C6 Bank,33276234-5740-5b49-b728-093d9b92d4a9,variable_incomes,B3SA3,B3SA3,SAIDA,OUTROS,MOVIMENTACAO NAO CLASSIFICADA PELA INSTITUICAO,8919.1872000000,NULL,BRL,d9e17fcd-b2e4-57fe-b9b3-04b189c64a53,[]
2026-05-12,C6 Bank,33276234-5740-5b49-b728-093d9b92d4a9,bank_fixed_incomes,RDB,BRBANKRDB5A5|60518222000122|2024-11-23|2027-11-01,ENTRADA,APLICACAO,NULL,11147.7513000000,11147.7513000000,BRL,52010c9a-f970-514a-9cde-ba241edc2f14,[]
2026-05-20,C6 Bank,33276234-5740-5b49-b728-093d9b92d4a9,variable_incomes,B3SA3,B3SA3,SAIDA,VENDA,NULL,20353.0184000000,NULL,BRL,de9f0daf-f004-51ed-9dd0-8f2986875fab,[]
2026-05-29,C6 Bank,33276234-5740-5b49-b728-093d9b92d4a9,bank_fixed_incomes,CDB,BRBANKCDB4A4|00360305000104|2026-03-31|2029-03-01,SAIDA,PAGAMENTO_JUROS,NULL,3840.4919000000,3818.5014000000,BRL,3b50fead-df0c-5b63-8e18-42aedae5e46f,[]
2026-05-31,C6 Bank,33276234-5740-5b49-b728-093d9b92d4a9,bank_fixed_incomes,CDB,BRBANKCDB4A4|00360305000104|2026-05-31|2029-05-01,ENTRADA,APLICACAO,NULL,178993.0000000000,178993.0000000000,BRL,90a42423-ccaa-5723-8e2d-5d5364b1f19c,[]
2026-06-01,C6 Bank,33276234-5740-5b49-b728-093d9b92d4a9,bank_fixed_incomes,CDB,BRBANKCDB4A4|00360305000104|2024-09-02|2027-09-01,SAIDA,RESGATE,NULL,6061.0700000000,6031.9271000000,BRL,097300a6-5cec-522f-8dd3-ceba0a8dddd8,[]
2026-06-09,C6 Bank,33276234-5740-5b49-b728-093d9b92d4a9,bank_fixed_incomes,RDB,BRBANKRDB1A1|18236120000158|2021-07-20|2024-07-01,ENTRADA,APLICACAO,NULL,33491.7356000000,33491.7356000000,BRL,69a029ec-af67-534d-a22f-0dded2b7c71a,[]
2026-06-09,C6 Bank,33276234-5740-5b49-b728-093d9b92d4a9,bank_fixed_incomes,CDB,BRBANKCDB4A4|00360305000104|2024-09-08|2027-09-01,SAIDA,RESGATE,NULL,742.7810000000,740.2603000000,BRL,81e94bad-4e1e-5da1-ac36-79854b8028b3,[]
2026-06-09,C6 Bank,33276234-5740-5b49-b728-093d9b92d4a9,variable_incomes,BBDC4,BBDC4,SAIDA,ALUGUEIS,NULL,7435.1914000000,NULL,BRL,9fa5730d-aaeb-554b-bb5b-d63f3fb7ec7f,[]
2026-06-13,C6 Bank,33276234-5740-5b49-b728-093d9b92d4a9,bank_fixed_incomes,CDB,BRBANKCDB4A4|00360305000104|2026-05-31|2029-05-01,SAIDA,RESGATE,NULL,48290.2434000000,48189.9002000000,BRL,07e5d1a6-892b-5bc9-9afb-b4c1f87d55d3,[]
2026-06-17,C6 Bank,33276234-5740-5b49-b728-093d9b92d4a9,variable_incomes,BBDC4,BBDC4,ENTRADA,OUTROS,MOVIMENTACAO NAO CLASSIFICADA PELA INSTITUICAO,10712.0650000000,NULL,BRL,8bd78f52-184f-5cb2-ac7a-d28fd06680b1,[]
2026-06-19,C6 Bank,33276234-5740-5b49-b728-093d9b92d4a9,bank_fixed_incomes,CDB,BRBANKCDB4A4|00360305000104|2026-05-31|2029-05-01,SAIDA,OUTROS,NULL,9527.2202000000,9527.2202000000,BRL,0a85cc44-ab10-5a80-bbfd-ade604ca0d03,[]
2026-06-27,C6 Bank,33276234-5740-5b49-b728-093d9b92d4a9,bank_fixed_incomes,CDB,BRBANKCDB4A4|00360305000104|2026-05-31|2029-05-01,SAIDA,RESGATE,NULL,68081.1973000000,67957.0987000000,BRL,94fb577b-91f9-55a6-a1b7-62f44e7ac344,[]
2026-06-27,C6 Bank,33276234-5740-5b49-b728-093d9b92d4a9,treasure_titles,Tesouro IPCA+ com Juros Semestrais 2032,Tesouro IPCA+ com Juros Semestrais 2032,SAIDA,OUTROS,NULL,8707.3195000000,8707.3195000000,BRL,a8296bc9-9f8e-510c-a62d-f4a2fe678a81,[]
2026-06-29,C6 Bank,33276234-5740-5b49-b728-093d9b92d4a9,bank_fixed_incomes,RDB,BRBANKRDB5A5|60518222000122|2021-02-12|2024-02-01,ENTRADA,APLICACAO,NULL,28677.4863000000,28677.4863000000,BRL,58f8c81a-1144-5881-84f0-8d6dd515c5c0,[]
2026-07-01,C6 Bank,33276234-5740-5b49-b728-093d9b92d4a9,treasure_titles,Tesouro IPCA+ com Juros Semestrais 2032,Tesouro IPCA+ com Juros Semestrais 2032,ENTRADA,COMPRA,NULL,24339.7803000000,24339.7803000000,BRL,ddf90b27-17ec-5f76-bccc-4c11a18dfe25,[]
2026-07-02,C6 Bank,33276234-5740-5b49-b728-093d9b92d4a9,treasure_titles,Tesouro IPCA+ com Juros Semestrais 2032,Tesouro IPCA+ com Juros Semestrais 2032,SAIDA,OUTROS,NULL,4387.8508000000,4387.8508000000,BRL,6b542b22-deb1-55df-b914-f7a03a833484,[]
2026-07-02,C6 Bank,33276234-5740-5b49-b728-093d9b92d4a9,bank_fixed_incomes,RDB,BRBANKRDB1A1|18236120000158|2021-07-20|2024-07-01,SAIDA,RESGATE,NULL,32104.4705000000,31971.9175000000,BRL,ad3fd738-3b79-54cb-84e6-fab1aa765357,[]
2026-07-03,C6 Bank,33276234-5740-5b49-b728-093d9b92d4a9,bank_fixed_incomes,RDB,BRBANKRDB1A1|18236120000158|2021-07-20|2024-07-01,SAIDA,RESGATE,NULL,35515.6321000000,35419.7896000000,BRL,72dfc157-297a-5117-88b7-bd5c3caeda12,[]
2026-07-11,C6 Bank,33276234-5740-5b49-b728-093d9b92d4a9,variable_incomes,BBDC4,BBDC4,SAIDA,DIVIDENDOS,NULL,10234.4580000000,NULL,BRL,8333499d-304d-5356-b371-a2e5dc149f33,[]
2026-07-13,C6 Bank,33276234-5740-5b49-b728-093d9b92d4a9,bank_fixed_incomes,CDB,BRBANKCDB4A4|00360305000104|2026-05-31|2029-05-01,SAIDA,PAGAMENTO_JUROS,NULL,3054.2620000000,3044.6045000000,BRL,e58be3a2-03af-5727-90be-212348809e9e,[]
2026-07-14,C6 Bank,33276234-5740-5b49-b728-093d9b92d4a9,variable_incomes,BBDC4,BBDC4,SAIDA,ALUGUEIS,NULL,5606.9832000000,NULL,BRL,c89d3f06-afb3-5258-8eed-2896615c6f53,[]
2026-07-16,C6 Bank,33276234-5740-5b49-b728-093d9b92d4a9,bank_fixed_incomes,RDB,BRBANKRDB5A5|60518222000122|2020-06-22|2023-06-01,SAIDA,RESGATE,NULL,64003.9410000000,63790.9667000000,BRL,d4fbc54f-c717-5487-851a-4032b78518dd,[]
2026-07-18,C6 Bank,33276234-5740-5b49-b728-093d9b92d4a9,bank_fixed_incomes,CDB,BRBANKCDB4A4|00360305000104|2026-05-31|2029-05-01,SAIDA,VENCIMENTO,NULL,178570.5765000000,177651.1585000000,BRL,7bdc315c-2b0c-596a-b0c3-ee32656fb830,[]
2026-07-21,C6 Bank,33276234-5740-5b49-b728-093d9b92d4a9,bank_fixed_incomes,RDB,BRBANKRDB1A1|18236120000158|2021-07-20|2024-07-01,SAIDA,RESGATE,NULL,20476.5310000000,20385.3614000000,BRL,e31938c5-f4af-556a-bbf6-d7fb91d24d12,[]
2026-07-23,C6 Bank,33276234-5740-5b49-b728-093d9b92d4a9,variable_incomes,BBDC4,BBDC4,SAIDA,VENDA,NULL,39796.3605000000,NULL,BRL,3a35044b-a15f-5001-a25a-f69e00b47550,[]
2026-07-23,C6 Bank,33276234-5740-5b49-b728-093d9b92d4a9,bank_fixed_incomes,CDB,BRBANKCDB4A4|00360305000104|2026-05-31|2029-05-01,SAIDA,RESGATE,NULL,74120.9828000000,73897.0176000000,BRL,669c3fad-9b0f-5785-987d-827b4366c3fa,[]
2026-07-23,C6 Bank,33276234-5740-5b49-b728-093d9b92d4a9,variable_incomes,BBDC4,BBDC4,SAIDA,DIVIDENDOS,NULL,8882.2695000000,NULL,BRL,73198977-b403-57e4-8abc-5fdea5c9595a,[]
2026-07-24,C6 Bank,33276234-5740-5b49-b728-093d9b92d4a9,bank_fixed_incomes,CDB,BRBANKCDB4A4|00360305000104|2026-05-31|2029-05-01,SAIDA,RESGATE,NULL,63669.8710000000,63409.7070000000,BRL,0447ae98-3bd4-542d-8c7e-fb8bfecffad2,[]
2026-07-24,C6 Bank,33276234-5740-5b49-b728-093d9b92d4a9,bank_fixed_incomes,RDB,BRBANKRDB1A1|18236120000158|2021-07-20|2024-07-01,SAIDA,RESGATE,NULL,40829.4096000000,40754.4733000000,BRL,41e2a550-562b-5c28-9a84-0231074023a7,[]
2026-07-25,C6 Bank,33276234-5740-5b49-b728-093d9b92d4a9,bank_fixed_incomes,CDB,BRBANKCDB4A4|00360305000104|2024-09-02|2027-09-01,SAIDA,RESGATE,NULL,24095.2040000000,24026.7684000000,BRL,2bc2d319-554f-579e-8f27-fbff3cca3445,[]
2026-07-26,C6 Bank,33276234-5740-5b49-b728-093d9b92d4a9,bank_fixed_incomes,CDB,BRBANKCDB4A4|00360305000104|2026-05-31|2029-05-01,ENTRADA,APLICACAO,NULL,25837.9108000000,25837.9108000000,BRL,8bdfe6b5-2a6a-5a32-9d2d-fa7a3fc77a59,[]
2026-07-26,C6 Bank,33276234-5740-5b49-b728-093d9b92d4a9,bank_fixed_incomes,CDB,BRBANKCDB4A4|00360305000104|2026-03-31|2029-03-01,SAIDA,RESGATE,NULL,37979.4606000000,37885.4427000000,BRL,f1bf331c-bbac-5491-b020-c5b3e9d1b763,[]
2026-07-27,C6 Bank,33276234-5740-5b49-b728-093d9b92d4a9,credit_fixed_incomes,VAMOS LOCACAO S.A.,BRDEBSEC03A3|07689002000189|2025-06-15,ENTRADA,COMPRA,NULL,41515.2683000000,41515.2683000000,BRL,96aab9c9-a554-5c7b-b685-956096ed1f54,[]
2026-07-30,C6 Bank,33276234-5740-5b49-b728-093d9b92d4a9,bank_fixed_incomes,CDB,BRBANKCDB4A4|00360305000104|2020-10-27|2023-10-01,SAIDA,RESGATE,NULL,19648.5582000000,19577.5268000000,BRL,371cfe74-cd84-5dc0-92d7-247c987a0be0,[]
2026-07-30,C6 Bank,33276234-5740-5b49-b728-093d9b92d4a9,bank_fixed_incomes,RDB,BRBANKRDB5A5|60518222000122|2020-08-05|2023-08-01,SAIDA,RESGATE,NULL,3803.4512000000,3795.2399000000,BRL,afff694c-1c98-5797-af83-f85a2b93bdaf,[]
2026-07-31,C6 Bank,33276234-5740-5b49-b728-093d9b92d4a9,bank_fixed_incomes,CDB,BRBANKCDB4A4|00360305000104|2024-09-02|2027-09-01,SAIDA,OUTROS,NULL,4272.6841000000,4272.6841000000,BRL,d4066df0-a99c-5667-a571-94f24e0a4a51,[]
2026-08-03,C6 Bank,33276234-5740-5b49-b728-093d9b92d4a9,bank_fixed_incomes,CDB,BRBANKCDB4A4|00360305000104|2026-05-31|2029-05-01,ENTRADA,APLICACAO,NULL,34692.0113000000,34692.0113000000,BRL,53cb6a8d-71c2-5892-8c5f-33520009b633,[]
2026-08-03,C6 Bank,33276234-5740-5b49-b728-093d9b92d4a9,bank_fixed_incomes,CDB,BRBANKCDB4A4|00360305000104|2024-09-02|2027-09-01,SAIDA,RESGATE,NULL,16255.6280000000,16206.3151000000,BRL,97301159-da97-51ec-8673-563178320e0d,[]
2026-08-10,C6 Bank,33276234-5740-5b49-b728-093d9b92d4a9,bank_fixed_incomes,LCA,BRBANKLCA3A3|60746948000112|2020-01-22|2023-01-01,SAIDA,VENCIMENTO,NULL,146637.6639000000,146150.8578000000,BRL,d50919dd-c003-53d8-914e-6b33c1b289d1,[]
2026-08-10,C6 Bank,33276234-5740-5b49-b728-093d9b92d4a9,treasure_titles,Tesouro IPCA+ 2035,Tesouro IPCA+ 2035,ENTRADA,OUTROS,NULL,8012.9840000000,8012.9840000000,BRL,f6308d89-a0b2-5c91-860a-ae106b5f97eb,[]
2026-08-11,C6 Bank,33276234-5740-5b49-b728-093d9b92d4a9,bank_fixed_incomes,RDB,BRBANKRDB5A5|60518222000122|2022-10-17|2025-10-01,SAIDA,RESGATE,NULL,52651.8720000000,52526.1869000000,BRL,2a0f9b33-b84b-5fde-9aa1-364e9c670759,[]
2026-08-16,C6 Bank,33276234-5740-5b49-b728-093d9b92d4a9,bank_fixed_incomes,CDB,BRBANKCDB4A4|00360305000104|2026-05-31|2029-05-01,SAIDA,OUTROS,NULL,2227.2464000000,2227.2464000000,BRL,e801d225-7d9f-56ef-95af-9777d3aa4eed,[]
2026-08-17,C6 Bank,33276234-5740-5b49-b728-093d9b92d4a9,variable_incomes,B3SA3,B3SA3,SAIDA,VENDA,NULL,21011.1880000000,NULL,BRL,3a018f2f-2caf-5b4c-b96a-8c8b051aca76,[]
2026-08-18,C6 Bank,33276234-5740-5b49-b728-093d9b92d4a9,bank_fixed_incomes,RDB,BRBANKRDB5A5|60518222000122|2021-02-12|2024-02-01,ENTRADA,APLICACAO,NULL,63060.7426000000,63060.7426000000,BRL,e3f51d18-549b-5751-8da8-e83e4bcc9208,[]
2026-08-20,C6 Bank,33276234-5740-5b49-b728-093d9b92d4a9,bank_fixed_incomes,CDB,BRBANKCDB4A4|00360305000104|2026-03-31|2029-03-01,SAIDA,RESGATE,NULL,63043.5581000000,62854.2753000000,BRL,e5fe71e9-1db3-5a19-a954-abe4be68b0f3,[]
